"X1","X2","X3","X4","X5","Y"
0.65015320844741,0.37055843778867,0.925712692637528,0.821821123302294,0.873535616176732,0
2.62669601929858,2.11463257000292,0.907346956565172,1.26818902719911,2.44934771415996,0
3.11678652206094,3.14356346605665,2.06824961135886,2.78593893662706,1.64913982517142,1
1.64729402591023,1.04761336788438,0.0341631035919883,0.903073966778201,2.18518972784802,0
2.13659963153643,1.74797159180938,1.46604769548007,0.290792784407371,1.04731120266994,1
1.98639369417933,1.43829472917541,1.57326692203716,1.44723117252204,1.46585230750985,1
1.44312530460693,1.83749698435245,-0.573370860350432,-0.024004145680339,0.599005135833404,1
1.14049630511427,1.95833731742201,1.58728903943718,2.11873389855695,1.71072315991193,1
1.32057618002274,0.448531522464197,0.91624208470851,0.0868458712031779,0.523794325874321,0
0.675129279958593,1.67109334691479,0.710012308808113,1.1688674806067,1.11365480464807,1
0.813747192630895,-0.21741719572018,0.975903908160797,-0.798102379084854,-0.841013993409293,0
-0.498802433926937,1.4952612561475,1.20392478116451,0.294003817391051,2.03274527857983,1
1.48941540548417,0.906819284395297,0.382824261955429,0.0703822673499863,1.83511530866032,0
1.84772008586512,1.27217220705497,0.399570805091582,0.362316927647978,0.814364251512328,1
1.61165462360677,1.76392389613511,0.873004688163857,1.18236942639799,-0.797104327004359,1
0.868812230450575,0.627625066725618,0.833912083589538,-0.511723413206389,0.347452686412757,0
1.70692642128879,1.24198809528108,1.18770563232924,1.07506160222483,1.87376809932104,0
1.72153629665333,1.21165218412834,0.72680608660974,1.41629037083411,0.0798635624882538,1
0.621906834453352,1.249298058795,0.822026517384859,1.38612244146195,1.59037858937579,1
0.669021430107101,-0.0690262281416376,0.0773605617231407,0.303635368377998,1.31354479205385,0
1.1469210374425,1.64376000216808,1.41219287170197,0.443397197827619,2.35795216979838,1
1.62373605671569,1.81930826888222,1.086977026146,0.688035382059887,1.82272073448616,1
0.491208941664725,0.627913905936786,0.297698573940274,0.583907928164132,0.598842874923537,1
1.4130852046148,1.07305365545149,0.743150467203777,1.5876639387677,0.928863717705728,1
0.912981786204171,1.33079207614832,0.992069767268369,1.24961909135528,0.835792168008914,1
1.93127957819834,1.57063600554865,1.92256637451581,1.96097331990037,1.31015651736251,1
1.84926342235347,0.378104890902243,1.07397573180591,0.611162072202125,2.33634948585409,0
0.379343808268636,0.401508277806124,0.671357005343636,1.35279654519733,1.61886485604358,0
0.0413394827353415,1.79796381970966,1.04699930722106,-0.110793933881694,-0.22694842210719,1
1.45016029258922,3.05278860665939,0.926937053987923,2.54054906755558,2.46598478233877,1
-0.580174659761838,0.32360751891503,1.66423754570537,-0.00199262004541367,1.48562778908105,1
1.29149475787411,0.584227427093519,0.186958908378174,-0.392503268898422,-0.528974906406176,0
0.922969577748892,1.24697120670625,2.13245956354095,0.862008757204458,2.45839042391509,1
1.79483437448612,0.772295412689318,1.93977530508524,0.225038559152556,0.772952762532526,0
0.619284042028441,1.45170846432278,1.13169177266471,0.481513527928546,2.59685929972933,1
1.65242434737283,0.437108519820259,1.77147281402069,2.77805303215359,0.948023563640613,1
-0.0919875504845118,1.37511237661059,1.6703448450475,1.72649924480095,1.58559890843762,1
1.5717923007237,1.77663130353751,2.8047579288691,2.4959344738573,3.02500456176992,1
1.38741923726289,2.11202873815409,0.676893403167951,1.50220357586565,1.8276294858083,1
0.478075238899936,0.759088392591923,1.35539404149068,0.761880780965433,2.42622814309056,0
1.01400704820649,0.519192694414258,1.46181506421673,0.489446467333142,-0.201989129229016,0
2.5509098598296,2.12935137464646,1.34987353912953,1.9718767095804,2.35645854218777,1
-0.332283891097428,1.07313414845074,2.79657931311868,0.719506348975079,0.692593244216991,1
1.64221232459522,0.206572451163236,0.609847593170062,1.24921410193092,1.12978436774839,0
0.00899308052982828,1.35218708984297,-0.0728490631618035,-0.37804401276094,0.531813619899139,1
1.12254015942093,0.87139817825196,0.205879216330017,0.91437091819456,0.43171617633071,1
2.10487732480847,1.47142324636523,1.88427074290884,0.851697214973206,2.50654094209489,0
1.74764723620625,1.90870103272322,2.06241443174588,2.0753530391084,2.54043271717261,1
0.437074640978506,2.966022448167,1.93047385461754,0.123022998348315,1.02205366841528,1
1.17539604764673,0.119969764927362,1.1915840004072,1.33230816281725,0.476468698339591,0
1.6973646090583,1.42961462850181,0.662395672454341,-0.362434552396234,0.901383394597673,0
-0.0188124213821874,0.477571390286808,0.225820967182397,0.264872299095428,1.40660260801931,1
0.306601373766082,-0.602164929961955,0.0357527617618641,0.253212843410114,0.49989409868353,0
1.44912391423369,0.886170552540825,1.25713600443019,0.593426339972388,0.236014534496055,1
0.769348567168337,1.50544761281955,2.0577838207851,1.47193773168062,0.996812454355085,1
1.1942222460836,1.80953295853391,0.794858583414877,1.84088318557822,1.38668516436114,1
1.97466792834273,1.5718109437385,1.07648557614373,0.289798953791413,1.27771855088049,0
2.52903464840309,1.63983372781529,1.59119901238931,2.79199341266511,1.03801316270262,1
-0.826003175482099,1.13352706310395,1.33173161057983,0.913838689482251,2.39601509884879,1
0.530276038683996,0.911082276668328,1.15157255454578,0.584426110520173,1.3340863271282,1
2.6459780594308,0.574779046512389,0.910885925454618,2.07359129014591,1.83582720534238,0
1.12717969750924,2.16193658012221,1.18983006120611,0.794850092761109,1.42501881490179,1
1.77778798875882,0.307909579275626,0.481333936083667,-0.314594383597391,0.313367388223345,0
2.20506974906976,0.638217690873214,2.30233377899199,1.71544514907221,2.40636190842755,0
1.21064151217653,1.55603084039985,0.841374965872273,1.22984723093599,1.30710492885141,1
2.59313028030235,1.94557755629834,1.09437018555782,1.17977377834362,2.40629442706783,1
2.23859287431461,0.844492220657565,1.00388169158086,0.206000483729496,0.0703606385234905,0
2.01728363021002,2.68555913763947,2.72349727837054,1.94488482309479,0.318402617130334,1
0.77273001344177,1.3348454621742,0.812039451874058,0.76544845622288,1.39145710065614,1
3.33319187166574,3.14555225520156,2.04569784332888,1.25241745024122,2.59890004655506,1
-0.0271504163206422,0.23187249859094,1.70607215279167,0.764919216244228,0.758658364150795,0
0.435471415215747,0.683419269051236,-0.255108790421327,0.573666026393985,0.13927541089256,0
-0.145319889053799,0.911387503503306,2.16677862079423,1.41294679862152,1.14716665753698,1
0.185396107732376,0.918156743332581,2.7555678808782,0.217101334830311,-0.409703094352079,1
0.769048924580168,0.461351804270022,-0.0822842862235929,1.74963718631545,1.30703581997305,1
0.657363660113257,1.20640304930116,0.476873734579374,2.09897893441987,0.90768912362468,1
1.73812120783585,1.54959348909111,1.27900315568099,1.61992749641523,1.72174566101254,1
0.742441260995562,1.65311421135715,0.691840053510091,2.22774724595085,0.260224669742804,1
0.694075232525061,-0.0515168504238799,0.720096305686828,0.584679715374323,-0.526684530608088,0
0.525393344419254,2.33719978134653,0.775490529646842,0.274140131978789,1.80072437030433,1
1.78992098482555,0.546529806178265,3.19470895665469,1.34228138644686,0.221464845916301,1
1.76616641922125,0.990794808828103,2.40860881859397,1.67478734454189,1.51614065925591,0
-0.542505628086983,-0.345784735310669,0.846492125398235,1.11876667198328,0.943927106573387,1
1.50163753971797,0.952285600266477,1.61538183303184,1.83439359997939,0.487968865355806,1
-0.197575750718115,0.466500276982702,0.860252190088765,1.42009976069345,1.17948450332432,1
-0.242622394954453,1.56252623383562,1.48520383664049,0.426401766093605,1.41203708522044,1
0.388450139968054,-1.17170705937685,0.88670603100102,-0.0262704239761649,0.577415253650524,0
1.09043322065176,0.303469394757793,0.354649232544997,1.36155528757168,0.863989401986031,1
0.520033907061235,2.22127426235491,1.44483448884824,2.27198177597584,1.91253525996035,1
0.687661614112567,1.04654805724719,0.518441196677092,0.217592214038722,1.85003041434723,0
0.258501482678261,1.71147739634228,0.914416579328433,1.0841897078763,1.67460005683779,1
1.24044994361486,2.82024263263306,-0.521316928610708,0.958508801035868,2.82595657914785,1
2.10644740787866,2.2028981477598,1.92876472590819,3.08170138033488,0.371739626786395,1
1.5709056447598,1.62427847820169,1.24774925470472,1.16611815631357,1.24159757855777,1
0.621001416212995,0.0174022625709803,0.557507617422955,1.48484442755392,1.87386550885591,0
1.37407771542713,0.853474206143633,0.95395738251411,2.7055756838331,2.84070910569003,0
2.74691563639952,1.44788534185554,1.67256414325139,1.9186114076273,2.11809329176118,0
0.621178665669916,-0.0547209951544414,0.555754428585942,2.34633057163381,1.01883573634473,0
0.65670211479642,1.45607533957467,-0.0135011254837694,0.242665476183866,-0.139523194966694,1
-0.634998430310558,1.27040015742493,0.707685446195166,1.53293870484638,0.606849532942646,1
2.20396331838444,1.0244899345704,1.10997887662576,1.57899316350599,1.69176887807298,1
-0.163778094992694,-0.194452513937559,0.127789722768892,-0.562774018895984,0.12498525291348,0
0.996046473719749,0.359112954116289,0.514834417069753,0.102876510126508,1.55498265600128,0
0.298098157437033,1.45708742900521,-0.30503117670004,0.724252474215848,0.45591251593729,1
1.30173549930916,2.11755997005551,1.70546758278326,2.20127677203551,1.87455245526385,1
1.50462211613113,0.937856245999382,0.925795689381258,1.9566413255403,1.87055206819163,0
0.834609700054573,1.8072410742661,1.34908265312215,0.717221187178804,0.424460150090815,1
0.854550219174568,-0.318612341752882,1.19095648889824,0.239488358121071,0.159980200666526,0
-0.155865858900038,1.81570393889588,-0.0833772874491197,-0.516684043105088,-0.0161522440359736,1
1.02233538716687,1.20748096206474,-0.316063506179574,1.50216372828072,1.62320671452955,1
1.20609831267624,0.484819303396692,1.48144646057233,1.53095742829348,1.63640518399793,0
1.7200223196511,1.16040265274603,0.146429502401832,0.477600721546967,1.08423471263118,0
-0.12637347751505,0.704479970557977,-0.269382703881434,0.909580546996237,-0.365924477846109,1
0.677368328842181,0.277567932340151,0.881905516439214,2.15996304451719,1.11923700175843,1
0.364660076622225,0.244894837417425,0.552263500500783,-0.0771200920156971,0.588745192053773,0
1.3850239413119,0.311798828858567,3.5194653833448,1.85322069624946,3.12124945684656,0
1.4440881177444,-0.0678448947452437,1.55801702144386,1.50602076067533,0.209739712605363,0
0.662825174803145,-0.0254161464697251,1.71339428456305,0.749454630509391,0.731341590559153,0
1.02339343843147,0.370257272222168,0.607453121785698,-0.847154765753434,0.523854065433877,0
1.55414465081532,1.3000521178569,1.76847489801814,1.29220593518008,0.6300271999461,1
1.07963526462593,0.574407308362891,1.81326911467328,0.394750050186359,0.523674222501124,0
-0.523273294570292,0.730301861944629,0.834085584396563,-0.00403117737746173,1.53813294056696,0
1.58625129553834,1.00627904358692,1.8760240590787,1.71553478847984,1.68148305151415,0
0.228167176189254,0.873922366700988,2.31436528015387,1.36470189661241,0.860733668956006,0
1.54148569545908,1.17534922028716,0.492450129511608,1.79651013068436,-0.572754465162219,1
1.27989208952202,1.77709036023195,0.115306726491388,0.065650965626046,0.54512557038148,1
0.43529412406623,3.62952596370624,1.72512182460651,1.08885146808803,1.28055650041854,1
1.76215858376784,0.901402250236271,0.427669941956661,-0.336916153938105,1.00299581565947,0
1.09092017138383,1.73179104730764,0.0907620167996205,-0.629449297145476,-1.33991705700929,1
-1.24080968695037,0.380004362413783,-0.438479556857329,-0.627907576383905,-0.260454057715491,1
1.675850228029,0.710080815397028,1.19520622303893,1.75072304004519,0.8714286842998,0
1.79314889785838,1.08292442471753,2.03638906041627,1.49851592123164,1.79978325594488,0
0.756424392182735,0.312134478163903,0.482344480902967,0.44630529499075,0.10649035564943,0
1.41940316799606,1.13325862263614,0.271026876205476,0.448695370375806,0.293785277526726,1
0.182079507714612,0.565948797961809,1.21213188321505,-0.421136313037196,0.156345600885139,0
2.15991697433715,1.69815580971307,1.92347489885817,2.32509455114509,0.893502583203695,1
1.26337076542718,1.4485190229994,1.00376570442083,0.912822135496893,2.0444336170687,1
1.79027755731828,2.1292743615803,1.7629125328501,1.67982134465028,1.58163425019714,1
0.433695113918472,1.36198536073532,-0.53263887116909,0.482205051407598,-1.23635435354465,1
0.936548366005032,0.0452946715748809,-0.0314513681978805,0.732398746063327,1.02222659341728,0
1.45980715898837,0.754749577486297,-0.268169665471215,1.51600318297249,1.26098340959956,1
1.43413218713121,0.335108672994423,1.80360981189517,-0.119541008601272,-0.343695457246697,0
0.328973876752658,0.250015613146009,-0.509460597452056,0.924529639433363,0.575556674656565,0
2.13883560236318,1.25330781880752,0.905654890881847,0.818656928948039,2.38441575115513,0
1.68747377240293,1.60309054257945,0.798695063628517,1.64885568980826,1.12805555291485,1
-0.245472694168163,0.973105714263412,1.58203356717253,1.61213668935384,1.50243155871858,1
-0.763591760972885,0.612904775222222,0.723324878552407,2.30882796774568,0.994069704608839,1
2.98273230297898,1.8966131853581,0.770250357294435,1.80165110055627,1.94113118838725,1
0.075579991160366,-0.538236691596854,0.184866343622488,-0.668405338026149,0.140806850904003,0
2.18372256284447,2.19351556047824,1.23436909369759,0.97264247308201,1.9602317194499,1
-1.02318984998909,0.569063662088303,1.56209834649211,0.598726512033078,0.869663806632603,1
0.429708784297653,0.745464383631538,0.558529747062856,0.45121746184352,0.912417427720179,1
1.7608305510745,1.70622636697379,1.36682352494834,1.09017544631896,0.978058742938629,1
1.81317657043878,0.0680681885418859,1.02556115001701,0.448028803588006,1.84529951365571,0
0.741192165155029,1.49934157247447,1.30821484007689,1.23257554254344,0.370826807098552,1
1.80638515540928,2.56517370950643,1.2688450726038,1.20318417370013,1.99318641814157,1
-0.627091438128217,1.31387608130393,-0.00585745267325466,1.47452441351287,1.55867455995678,1
0.919358994130979,1.74515968327815,0.915995944749641,1.407563499153,1.32536642519033,1
-0.16068183092772,0.728117589074608,0.442164836974698,0.322488911823239,2.36791681574637,0
1.52016892326707,1.81901754611302,1.91174779481775,0.657421483916662,0.226327813093382,1
2.0253503095271,2.14998407872778,1.14847169444478,1.05604825259363,2.87177822216953,1
1.88115223242499,2.14813131408518,4.03829533832972,1.95052465488583,1.93615732095823,1
1.49770948921115,1.82984362091136,0.860360278717709,2.21959867801601,1.185521849923,1
0.551704899221939,1.19027585979567,3.27600064396234,-0.201425867983601,-0.197562019917994,1
1.13902097005237,1.62069148394716,0.563056986060961,1.85702486631724,2.53943116458961,1
0.361971200557766,0.365075567909329,0.890779756651515,0.576465674527373,0.772821253682562,0
1.75956897819249,1.43637488212297,2.25787893793856,0.0689601942340049,0.779471334376265,1
0.23096510786306,1.32164474223808,2.16676457466232,2.12345532886813,1.03990557731198,1
-0.0166217013738068,0.210237614633341,1.13800530439358,1.55184887819723,0.133943468367962,1
1.93083104033911,0.752738633075751,1.59450327673589,0.443288892909353,0.934804976442652,0
1.77446042386439,1.13697124538338,1.85643272663055,1.14603232297404,1.4816500202971,0
2.24701424421677,0.916638217208292,1.19948576382327,1.14305840099002,1.83751455709387,0
1.89611238007728,0.600031497495796,0.692350127778052,0.849206671567016,0.306158137540863,0
-0.474265641700192,1.76487834404834,1.96313025610074,0.252530162309363,-0.391842525517774,1
1.46230024873913,0.824126341551725,1.10216539259728,0.826984259422571,1.82317202395085,0
1.39061559297401,0.716029427383344,0.513874420868145,0.853663771993489,0.605557365372113,0
1.36972472020621,1.85116823812518,2.5490749544894,1.74227886519182,1.79376846685357,1
0.150354303056789,1.28376554596246,0.617380620314818,0.889006777982521,1.37823583831114,1
0.53460900821506,1.1490592699882,0.378210093168005,0.358863908217113,2.00107537174747,0
0.650230974874249,0.3497955443223,1.51411219285883,0.910183346744174,1.72242947036639,0
0.384109398391038,0.468641018066517,0.410826198213005,-0.45215723750841,0.120869274844211,0
0.854221166843589,0.995745242973444,1.56643358301967,0.938178937762805,0.733242614294101,1
2.47049351813217,2.65237818780779,2.12926036374255,2.145301290827,2.31364741745776,1
0.970211849057302,0.841674365829741,1.7224147865706,0.0899890431757849,1.74997739839074,0
0.485217535985573,0.300734249713465,0.814579991916631,0.999165697936811,1.30499093642962,1
0.689168142649582,0.828318328282033,1.2201695341216,0.0220463758507391,1.11928529190013,0
1.15763087202589,2.23688028547329,1.13525221453152,1.24762937570845,2.01960526520681,1
1.05226962772947,0.727893747650012,0.389891594891471,-0.806878265099841,0.415699319211596,0
0.851409910057258,2.1638419900188,0.229047694757118,1.5148828203713,0.695096775655179,1
0.614936824896004,0.0452410256150029,1.04292969154506,0.580230621172886,1.1864336190278,0
0.462642462276103,-0.344180924607196,-1.22813674654285,-1.08653222413664,0.822304959702062,0
-0.350682236700446,0.713051656848,-0.474333055956249,-1.73046176922378,-0.870983551291617,0
0.839834518292348,2.15931672638884,0.804507091391669,2.17394156078724,1.38549472951229,1
1.52654916265955,0.318409017932527,0.815875645158099,0.359230441084213,0.595507777072133,0
1.37658018786014,0.278306602735591,1.46209253091861,1.32589164933616,1.89259341843409,0
0.75812045837684,1.21620448344072,1.4864955699892,1.52977126083171,0.75022703466882,1
1.1060542177597,2.43447791254439,-0.171925341173387,2.15570692761027,1.62622030550012,1
1.56488700785623,0.896241239975738,2.89612366744239,1.27362764345575,1.60082199710968,1
2.08792696557374,1.60569718136481,2.11028771430159,1.6578768565409,1.16456049407186,1
0.403850405043772,0.722328404777717,2.0139913261441,0.873732161369066,0.982185470878996,0
1.46288032927041,1.33593619475527,0.238430763270743,2.0116950305946,1.6042696836419,0
0.604476707258052,2.31549320690445,0.178845932905133,1.18922904185857,0.821363807085145,1
-0.17692685291642,1.87438248211112,1.07418929883016,1.51198119650777,1.05577369228503,1
-0.170919996105209,-0.40592002583483,1.19301598923086,0.57480086242149,0.311007688862344,0
2.16966027206844,1.61708616550728,2.97870168930018,0.507386756988366,1.34151071624396,1
0.532549239487621,1.62621213824003,-0.522715171514196,1.60072233498766,-0.128148826675746,1
1.04188450351856,1.27718744152875,1.81555618777841,1.25253982518374,1.64086587444947,1
0.375708617698106,-0.283256927514185,1.68480069081444,0.873425095717114,0.365892022251037,0
1.06099929163912,2.85861256810629,1.24131162166036,0.644081880361595,2.21132481603064,1
0.0527834174421655,-0.152962875154542,0.886237271212966,0.948211079774202,0.998158273792406,0
-0.18048537831388,-0.0200815727473156,1.1804207315809,0.273034041532421,-0.0358496060279689,0
1.1036285504193,1.28406837063377,2.54291450234791,1.83925923613328,1.95995353957064,1
-0.00963024707978599,2.39135903197892,1.25589497659108,2.77174395799119,1.45232349773734,1
0.797345730577902,1.79505360174117,0.869811796778437,1.06556125593552,1.06302382823362,1
1.90251035943388,0.167874850515885,1.35970217761046,1.80825431837335,0.0115204881768889,0
0.788447637375983,0.382471263685159,1.38598094832936,1.65309743662166,1.20840183101639,1
2.43722407333058,0.584354340425987,1.96213002879203,2.99906170682814,1.83920225574995,1
1.60304576096179,1.395841371802,-1.08301487900333,1.32325045155902,0.0320022492107562,1
1.43521218038993,2.39136270416473,1.63054637787258,1.86380137808996,1.19053276505204,1
0.749524575504282,0.987819063254905,0.622089713291896,0.814705751435261,0.61328535534245,1
2.26324023294982,0.590597371148114,1.31159243609238,0.481715601846073,0.488144427552147,0
0.88927272631474,0.536240398199004,-0.30944143155171,2.04447394462753,-0.662241413165356,0
0.60181035563202,0.190201215787193,0.293635875567783,0.714437292947097,1.28669960066374,0
-0.027452643272466,1.2418099068459,-0.605769539830462,1.37405068545827,-0.630259601799799,1
-0.861115344264743,1.85879703417474,-0.414550813747663,0.18821763747198,0.667145292452807,1
-1.1420010619459,1.16401896300021,0.433574009348467,0.843315346694071,1.89947271945335,1
0.932362278576374,0.994983254796852,0.836499497598507,1.59012969772096,0.175002148331177,1
1.16639806927114,0.870291520847953,1.90256097806913,1.54769965540235,1.69895045393182,0
-0.0536233245340059,0.681801438119449,0.711290352917289,0.197061246956992,-0.326080464680166,1
0.278340158984816,1.57330662943883,1.7992918347009,1.4007678022446,1.40449321608125,1
0.589019017436955,1.1695353613111,0.892474878824271,2.13603953705299,1.40333957037513,1
0.0164886235488191,0.308892573350679,0.717975996309668,0.119086416134914,0.510511752748593,0
1.29328552708864,1.40724476749626,0.116325980885893,0.916497091742182,0.103160504592166,1
2.78289720798818,0.969891748512696,0.839713613096113,0.953898735537941,0.730029151533126,0
0.491791617726921,1.04646429371579,0.325637537866956,0.824615690150815,0.363499710897553,0
2.21247244542146,-0.942842226820399,2.96963435754902,1.72352397400603,0.925622086366323,0
0.687693121351586,0.723356426399628,2.30724388962952,1.61930524214391,2.51880417700158,0
-0.443735814434122,0.335236349476951,1.31223713583635,-0.680987131217613,-0.337558676988513,1
0.748111571714159,0.370601411681889,0.660303807239443,-0.456414508987481,0.701319196014862,0
2.0200853926149,1.84715417804237,1.50114410001551,0.493090776127076,0.626009603073181,0
1.44596177240062,1.99586846469728,1.6223128579516,1.51905492739236,2.18186422510767,1
1.93839917257175,2.18825881040219,1.53329755653336,0.616306247318656,0.952230040698861,1
0.752310946294933,0.707443353362279,2.44182152056909,1.13801938468865,0.695530292177973,1
0.9244360172146,0.640129728988334,0.702000131271859,0.973678487098398,0.813770006090493,0
0.843799365022884,0.437147741878889,2.08573020201394,1.72760290702538,0.719330597680403,1
1.5172763495018,2.07450660375498,0.939221745872739,1.88759431831269,1.22517229340089,1
0.288051611946799,0.316447990507678,0.424914435362034,1.5697336871863,0.537953563275014,0
-0.173099238529044,-0.0521664819585783,1.73377876076987,0.614666851613696,0.000875285751139376,0
0.453926068771403,0.878998717427981,0.319571145403051,0.388226431069926,0.928255760941606,0
0.564678975422017,0.523533540246586,0.748015686371195,1.44032679174981,-0.783475881824647,1
-0.459330553307957,0.424765115207546,-0.0163531483673058,-0.0487155571756925,1.07783351132415,0
0.793021579430661,1.61196422202901,1.10480020407198,1.23921164054022,1.61858560780928,1
2.36784926204802,1.43082052897828,0.195419250540869,1.68268507467332,0.0516080543180333,1
1.43062279543818,0.64786502764046,0.979318622658405,1.0152412792516,0.652851744744676,0
1.67200021684866,1.80638962837649,1.62289976480084,1.28724561647628,0.559988005788594,1
1.17339859717352,1.08285216854893,-0.646249527618471,1.52004491273104,0.23450499636797,1
2.26668232733973,0.595522896262554,0.989280625465168,0.618262886938916,0.577431392652635,0
1.64710395682869,0.0531716230489636,1.22636179043701,1.95817918274791,1.48175786943716,0
-1.18488281833038,-0.092933581884096,0.404086693195309,1.03514155423299,0.850367979555663,1
0.0700320404468681,0.197835561325411,1.74889822355515,-0.294592269618153,1.28722160025112,0
2.14567519599668,2.33103939701518,0.657286802896133,0.0751116865258507,0.79489880111293,1
0.952463528982574,0.939142426769675,0.675786621084223,0.594269709043688,1.56895981217213,1
0.624788237601457,0.872402759930601,0.755984034114176,-0.0379928103781555,2.4850094930786,0
0.122628067202948,1.9403012916066,0.203919232137473,1.05920307926036,1.33318382494537,1
0.5640855496768,0.750103868104171,1.09958927163618,0.705248126193196,0.899601122109346,0
0.390695463584811,1.94414480620718,0.812854646801783,0.568370269223662,1.26626976590869,1
1.5556730756299,1.35106714675938,1.8480229798622,-0.519947723980227,2.30206390145597,0
0.112805963308721,0.340647567441533,-0.102865993273969,-0.358929776528267,0.790068323422473,0
1.69118289568049,1.18058630462682,1.46366329855599,1.44085918709348,1.40721711934074,1
0.367779359804613,0.484437663699714,1.01466421019346,0.386267707059281,0.837363678690288,0
1.70519524845296,-0.0417723036664333,0.348846362627832,-0.24817578595682,0.377341205652409,0
2.48928179278422,0.264266579184597,0.867266774245046,-0.619623464674786,0.696279077927475,0
0.671831884132596,0.324153258089015,0.556179889302229,1.63188260958486,-0.241006623005469,1
2.39794648382096,-0.0918493691382598,0.474430919424413,0.286067832838778,0.888846919480636,0
1.93232892635157,2.2262002069191,2.13662717718408,1.63854387097898,0.948178365100023,1
1.20756642352,0.948636974659177,1.1037790941445,0.992626546681733,2.29760693205383,0
0.878528190228552,-0.0203089735034423,0.898437693178542,0.874807259143783,1.79171019672586,0
1.49529286038569,1.99102275243022,1.22243859578602,1.30485475588638,1.98774056417245,1
1.79579880327469,0.601474885080467,1.59265276067829,0.598133656358852,-0.154269037994569,1
0.768053129074957,-0.487414168923934,-0.323218224578117,-1.81694847933728,0.746037187209753,0
1.31721096333072,1.54170766812735,3.12226699816273,1.80628645364886,1.56304429094138,1
0.95653912123967,1.28922242047049,0.744563362241225,0.63594384189839,0.812573369001755,0
0.46982494025413,2.35305837205049,1.0628623482047,0.577815370613721,2.12316210610774,1
0.892567673932595,1.14537494532351,2.12391076668145,1.75650552908068,3.04661714324068,0
-0.0423025202572482,1.18416843678709,1.76944025891622,0.129542614200108,1.7630396127247,1
0.363246815204864,-0.493749636777574,0.646685729578796,0.628053339168705,1.30640839306271,0
0.0195602991187218,1.37634771689219,-0.514363180104444,0.541243559781905,0.325839080673175,0
1.093830623982,0.890153801615709,0.582188419541515,0.954098528613648,1.41851127571425,0
2.14647749032661,1.771400504249,2.36064916565277,1.87795145034707,2.01840068227831,1
1.67258603852367,2.20106910158717,1.36129794243541,1.53925742289318,0.781777909124993,1
1.24698662495681,0.772005237227917,0.946298904723046,-0.611085639352604,-0.386005723872651,0
1.0873198675569,-0.381067267888672,0.640014929526316,0.165001679953573,0.565615068525652,0
1.06182886709136,-0.0493366677926204,-0.257005667005948,1.29593424396957,-0.742984766223576,0
1.50028402011269,1.77647082149304,0.895852445847418,1.06604995585869,0.65975949264201,1
1.28700764872518,0.930373480202235,1.75064971651889,0.0116671553532635,1.50935550819565,1
1.88941364972987,0.701399152955457,0.829717165176327,0.414850300256072,0.451086235152849,0
0.766517625070014,0.360502117752718,0.886587413296816,0.448616415651072,1.15913282110766,0
1.27636883582569,1.40062731437101,1.36637683226229,0.243588579223695,0.984002112744947,0
0.660980380261657,3.17065554049956,0.507798444742935,0.856691711585163,1.26523010741354,1
1.74376617351305,1.60048731892701,2.93671915543916,2.49246149675444,3.82569415120772,0
0.945450996083089,1.8598128480228,1.3209841260613,1.40315825452454,1.16391037087269,1
0.26703700149261,0.578101736601294,0.776046043194152,0.333808817001434,0.564993043392176,1
-0.439868940413886,0.203174082151063,-0.0638551217970664,0.572921984523339,1.17685954404424,0
0.545362694395372,0.273898523025703,2.31799934149649,0.106661672106417,1.25425759860191,1
0.405443296253801,0.0594582811315767,0.272419668351975,-0.28464682573848,1.08519839165104,0
1.66439262772169,2.28098820130064,-0.644630943355525,0.76519749921398,0.840153325836675,1
-0.0926549738304359,1.05213357597868,1.01077629054609,0.0456496676878637,0.668616394526448,1
1.93491550872823,1.43609595903557,2.00181867464068,0.965715047701895,0.446738413138102,1
2.23544794707508,3.16884639570098,2.76407112135301,3.24440435166568,1.78475103374503,1
-0.232993920452717,-0.00427519815495803,1.27876345942709,1.2028586139553,0.896663116261648,0
1.00714280268725,1.32081152631126,0.920886999074928,0.866281302454589,0.45145194895187,1
1.17727255713574,1.04551449039819,0.344793757707421,-0.00101859691722828,2.14338037725585,0
1.02578048373323,0.774233799481342,0.97168507502223,0.992542910962278,1.10725184278684,1
0.353377083145921,0.205321031811243,-0.342162708556469,0.907196650782239,0.224030991783187,0
1.27265312611048,0.713150084562794,0.80466211240825,0.198781631069976,-0.0197822075000609,0
-0.153309409105002,0.0543672664493515,-0.896129617407754,-0.818264562678102,0.418901711644453,0
-0.437397449005146,0.557542461474586,1.04218348173699,0.0141407040715944,-0.479911418210968,1
2.55012661978204,2.27269212619693,1.78567777649881,2.27477686489188,2.74757302162624,1
1.47819126549006,1.45276453780282,1.03058669108364,0.466240141680701,0.815669040344208,1
1.72329422596311,0.450904465621822,0.863406645840016,0.822834527274545,0.201159794780579,1
1.81853483007736,-0.406654603721336,0.262689391835327,2.48171593097466,-0.0188588992423868,0
0.775490267595353,0.686487724438466,-0.0441242060021583,0.54105062482525,0.108087344727539,1
0.737349584726407,1.71325425626035,0.566745771617669,0.236609195815954,0.656054527911398,0
1.70803785260446,1.74095766266015,0.175289057855401,4.42782014765742,1.79866615178717,1
0.311547424117354,-0.0050765115787057,1.14551138577356,2.0099132077329,1.5754441041575,0
0.670460557421161,0.270684127416433,1.09307553234245,1.5712606175007,2.46600471544919,0
1.67164585040779,1.33579426098899,1.28275910991115,1.58154918298953,2.27465119778812,1
-0.555277269165586,-0.17123531515855,0.751141865925024,0.181274122847125,0.482449264416269,0
1.77723321308725,2.24117035037079,0.976970899861279,1.24611124830395,1.58066139219378,1
0.668001789421975,1.90024337354863,1.01653094187664,1.87664810021896,1.69595484018843,1
-0.592098511874356,1.67464878378158,1.01899599068677,0.323327445038146,0.378945303312361,1
1.72908286012193,1.12241149664098,2.52239315866242,1.1549171895662,1.68140512291622,0
-0.476704660529097,-0.754616022999822,-0.496088384094125,0.124890666139892,0.942539737039873,0
2.95286010152273,2.4527077255028,1.72665924866627,2.27342134811635,1.86515839033448,1
0.861365066142684,1.43181609113045,2.6646840983009,0.765711651361031,1.94959060419812,1
0.507099299706159,0.968764761994666,0.44181561335443,0.15875484979631,-0.212151004067187,1
0.914396223236561,0.380872445179238,0.0540018439496908,1.17760781404722,1.62619099383368,0
0.556456867067558,0.99358642229602,0.725748571240711,0.923589523847399,0.835348292377156,1
0.133525954537831,1.46565033298155,-1.08487821622754,0.853546360558817,1.31189819229219,1
0.771232885011832,1.81443236989456,3.16301500469599,0.671990594853427,1.06589056103573,1
1.17111027746746,0.906848572496083,-0.0860783992329781,0.441961852760149,1.16318120670649,0
1.14263874074627,1.10379264557363,1.19706282516925,0.883514770631904,1.80281793703934,1
0.621556598627251,-0.598047993214776,0.445546879111318,0.288113842732569,-0.114688975116402,0
2.12561585276405,1.2448851675849,1.53570841556753,2.16219024911479,0.832781705483142,1
1.70578757472884,1.53010740542149,0.683028524701731,2.35884313654287,0.938386192871507,0
-0.49473554989511,0.799991026379107,1.11751576584268,0.659647366209905,0.836002973672821,1
0.248155287617,1.42184217744451,1.36013514350848,0.511310500609061,-0.365871007941551,1
-0.590908656402767,-0.260213537573343,-0.642390541880983,-1.25104661941302,0.515597509929435,0
1.97723281018429,0.0632043804642847,0.506578141554976,0.137411963915078,-0.0298056067317967,0
0.7819680294295,0.450416940766284,-0.505261883193758,0.0944734509614035,0.733055045661855,1
0.527828508539841,1.78315243088661,1.0353910138955,-0.357624629970051,0.981925108341946,0
2.42415548320679,1.79143465719985,1.70841400767352,2.04314978048133,2.30530718288212,0
1.1559459151984,0.775771462174636,0.648732229623566,0.434382966744851,1.46941094917121,1
1.00066445989311,1.99001807535851,2.03468577441688,1.75362069553893,2.09811257098659,1
-0.67443316438215,1.64689907434619,0.559746748634166,1.4501433990734,0.679683717965856,1
0.79864195086161,1.0144613036848,1.53060003155946,1.314567378918,-0.0125062360499142,0
-0.317985609558666,-0.716145917242639,-0.80981541162433,-0.47139148138092,-0.925629724875447,0
0.924135495806095,0.187698231417629,-0.254700704371818,1.4691991785878,0.209727208231133,0
0.859864167135012,0.184447822609705,0.570296185720444,1.49865519143964,-0.0768002932102905,0
0.915639041488113,0.91178437600405,1.88964128914795,0.0404861254402102,0.570125425066676,0
1.30149076733929,2.10136057993331,1.8781064901672,2.47853132792463,0.9998007304414,1
1.04878089432308,0.824543674772304,0.626106121320112,0.561363188646575,0.769915794160547,1
-0.0305528262485566,1.25186277251155,0.983899228087968,-0.521895763559892,0.531016919070542,1
0.187811151544462,1.26800691239647,-0.170232366664349,-1.45764532130778,0.797244955698709,0
0.554135803067875,1.23413250026255,1.12791818775649,0.802784336091926,0.529071954311666,1
-0.297131575379868,0.468932334458941,1.9083333319194,0.947913488608876,0.995997874283615,0
-0.616689301038648,1.30428003163218,2.24130392197194,1.67969871066491,0.507919439186748,1
0.595082723745729,1.89188532797073,0.978434697369286,0.120889963041246,0.528601768962291,1
1.77947421091846,0.191413241010054,1.23923723835924,1.13735067738445,0.929183215775063,0
0.55961993906898,1.53954350837575,2.07215524778819,0.4322741198435,0.941137563669661,1
1.08868138750496,0.66175390651507,0.636203598325901,1.04959009788901,-0.256486216030666,1
0.831609853466062,0.870501357337966,0.923260995295278,2.59376868006518,1.57574720529715,0
-1.65510911817314,0.457145204767148,0.0636596738402871,0.0394992156185655,-0.414188667010825,1
0.896538668541657,0.128903236842608,1.82948034526517,0.624535434421532,1.99072906034219,0
1.21870116708405,2.066552320078,1.3720431330481,1.20434413037896,2.37813335461326,1
1.50673913881163,1.61513128882024,2.5653702792787,1.63413229320801,1.71833936988891,1
1.54802071782237,1.46302864808829,0.404048764839622,1.70207134101649,0.21100715261881,1
-0.505413456654039,0.80202340423669,1.68613599208527,1.35426686999616,0.372717360202662,1
1.92804911079282,0.40477616373794,1.17325172153325,0.706288135089809,0.682355399740506,0
0.375841491510212,1.62728024962956,-0.653550766699603,0.617849587858883,1.51197909606303,1
-1.12652824613679,-0.172156797719132,-1.14246049053781,-0.274290251822046,-0.208141933202122,1
2.39508415455362,2.75101367903004,3.24244476464604,2.52199779827968,1.84310897181075,1
0.662552796409561,2.34938497799534,0.0366040527271636,1.39713027689748,1.57510701718891,1
-0.266808609202261,0.125042452677212,0.181177236251622,0.80740747577861,0.753373732785898,0
1.12445361834852,1.61032068863013,1.87204903710033,1.15861091419644,0.454016727541006,1
1.71300737042939,0.864314361746139,0.948997332815138,0.784434533713752,1.85095733539992,0
0.147939512268869,0.485379985354826,2.58910196189022,0.702134054805887,0.110130375732899,1
0.996493510686438,1.46217829890688,0.708181839863782,0.538878801657496,0.843513045654796,1
0.5570650224869,0.732651917952952,0.498809426958933,0.980435530946784,-0.39785979076402,1
1.50442089518538,1.73025448858598,0.663102526175088,0.219925298425361,2.2488577814536,0
2.81679245514002,1.87636482804106,1.06239006113636,2.94721802502714,2.58178348857781,0
2.73704890633954,-0.316435191274146,0.994540534253905,0.570802649710245,0.586664417074035,0
1.74667002113941,-0.377559487408585,-0.0659862413480055,1.68529151217438,0.80946368855732,0
3.20149690748247,1.52669600725218,1.55331848285778,2.97456498875917,3.49100935281418,0
0.811570357676729,1.53201968447746,0.517940218004007,-0.321734335145233,1.929366900199,1
0.371081192568882,0.458858375862263,-0.380769320092792,0.602517335421517,-1.14125871951577,1
0.317765188859267,0.753917292124857,1.0638382417635,0.977854521288365,1.32584463143202,1
2.08105851433674,1.41391829703212,1.49043949407062,-0.288524634293116,1.9872638795068,1
3.09126878281324,2.51170156258454,2.02114441474108,0.363906647544324,1.53065381145521,0
0.690297223120932,-0.565770026756645,0.710938133567247,1.26172692123604,1.45533539922774,0
1.13659460958008,2.01279911046329,1.43047176541463,2.54737215959714,0.786549476164292,1
1.78379430750868,1.52743412468331,2.07490643288516,2.64222934891809,1.75978324426275,1
2.6678661868902,0.38860439500894,1.20426569882165,-0.153751687258701,0.906200581323801,1
1.53333232895745,0.561235216789118,1.57385389087373,1.37167407665738,0.892583113477733,0
0.995941642513389,1.09256208359432,0.675560737485606,1.34755132381601,1.33307221781323,1
1.86807218243341,1.28865599849016,0.91042029086095,0.682113396150761,0.519977040100587,1
1.81403068932848,1.41478654738818,1.3200708087555,1.59531991435534,1.41589926162364,1
0.759971621838306,0.837754489638535,0.0822461589896456,1.84990476272749,1.7416745932767,0
2.30490864428314,1.045512717418,2.1218271148416,2.24309383432309,2.35000680287549,1
0.308210409994326,0.503539431096665,0.385361548223208,1.06501847359909,-1.69581514691271,1
3.48665912358753,2.28387184574901,0.842337044600693,2.67569972181365,1.64340774911578,1
-0.0316097963888455,-0.633546577950885,0.952124431789464,1.00167076529618,0.711919829668435,0
0.441413138096047,0.0348870886224293,0.0220998408518054,-0.701767411025289,0.312092027690666,0
0.899396372502686,-0.138133785708479,1.09832311262592,1.95583034343322,-0.0315329213140583,0
0.254310927292586,-0.0778639905400449,0.606316483180904,-0.467288908640103,0.220208684009596,0
-0.154465807750885,2.35952831324774,1.21059290668473,2.69444083468639,0.908820777725604,1
1.23066494743795,-0.304937503513599,0.308906054897155,1.60192697640838,0.534619733047437,0
1.0044778194556,0.318909473899716,0.696033392175307,0.850274102095339,-0.896880783833194,1
1.77374665387082,0.309595428291786,0.514143028689304,1.42412439976625,1.60624247528635,0
0.538396866030521,1.24051182519122,0.222473499051421,0.342062699483179,-0.230975311268684,1
-0.882071884241845,0.843006480587705,1.93823492181921,1.8122531299574,0.858861722955127,1
1.0377461738647,0.512637727130949,0.83336587332944,-0.276537337613425,1.08421477941994,0
2.38353103589766,2.15601133655569,1.82872754439919,1.55864008237229,1.03101653198489,1
1.58361859806095,0.420051313811768,0.0706676738839237,1.03451046819079,0.594506174383368,0
2.8412821790641,1.77839228015467,2.87981178493401,1.68002705688134,2.34823294825131,1
0.393205918092599,-0.111371483699821,1.00137995110868,0.36887938030496,0.259441212077127,0
0.929423970945232,2.08712110927435,1.97973162949444,-0.130137558898998,0.24694249077779,1
0.2627086256013,1.16304013070298,1.06294917821921,0.712631872908264,0.426917837054554,1
0.409824406190284,-0.163626512448154,-0.174775139237541,-0.702957584355854,0.281097703618239,0
1.73674200260084,0.355838722861722,0.755834380404056,2.15728130213767,0.70167646621317,0
0.740112562081823,1.9716229052084,0.250333646267238,0.603063608448334,-0.0680769235643559,1
2.13272369639694,2.9009434476855,2.78903756823157,0.826811405806392,2.17998988314895,1
1.18172292787752,0.971342320679947,0.444905076922077,2.07389617570344,1.66401850283556,1
1.0126056535476,1.54122409439874,0.352224675982884,0.200147857821048,1.21098220579569,1
0.757308717605685,1.18727280299919,0.0115194061100536,-0.658359334104228,0.771135381726478,0
0.259966319637883,0.156896030228275,0.640232186512,-0.266955555130211,1.57834853752882,0
1.54380913059944,0.877061589006815,0.388443841991351,0.739431966467531,-0.00660899758409106,1
0.65830327427341,0.844472282859461,1.43148191400279,1.50255700289141,0.512676610352397,1
1.17418620203927,0.677880618571812,1.27591046610131,1.69037996014192,-0.505228354777609,0
1.39258721464613,1.75522201333781,0.884410102299114,0.0582396906848035,1.61196648464177,1
0.996603085086375,2.21988352157288,1.32542623448381,1.43078860870214,2.71979320935559,1
0.281343928297143,1.24566281139179,1.15317810103328,1.62594986731971,1.23359739052089,1
1.12339243737565,3.07252506515162,2.80054479705378,1.89824323617912,0.400944271779446,1
0.704208075578316,1.47796692693357,-2.06179828121614,0.9581721965284,1.87356820540253,0
0.286448109599223,1.390394797856,0.8968219015942,0.327492419294421,1.01494224848932,1
0.324951562613841,1.79460886263241,2.08839106572752,0.640124246081976,1.29386347225329,1
0.485588449636952,0.687330018553047,1.47150008570148,1.72359715703279,0.363611198590328,0
1.37961999935955,0.82961764978311,0.420838720234082,0.807451264154412,0.391847351401227,1
2.5354771246235,2.9377860378566,1.87467055563776,3.32648117095371,1.78337453439532,1
2.20704680287392,0.977346424236573,1.14569318904773,1.60936681832473,1.74424479826972,0
1.57501168676364,-0.152431860227069,0.670422293973512,0.754814952758531,0.341202343681817,0
1.52890709736022,0.543098740765135,0.802451729178544,-0.0335684781650509,1.44117993469041,0
1.10018987390056,-0.853992686720698,-0.605262329376862,0.486298522542994,0.488074217337297,0
0.950704132326636,-0.21775962319421,0.41197862625893,0.830168415448405,2.02506500373673,0
1.03306359764661,-0.544178464887775,-0.54258521388243,0.100615334436758,-0.482724672952802,0
0.0166378395005042,0.168061680969327,0.379475337042179,0.320437879285336,1.57762828121514,0
2.38468449418982,1.47045214113059,0.245738012646071,1.33947793327315,1.95193599104047,1
1.17429496019671,0.929020021467132,1.30228875546777,1.95169166050801,0.311729077330954,1
0.691345592958504,0.202866854149578,1.00047175563396,1.18628578831898,0.958497290899822,0
0.162434501055442,0.767987134396538,0.540323693021164,-0.24063515488415,0.532310185820844,1
-0.273167391099712,0.600909435857348,1.58371968281697,-0.0106683762058228,0.683203915702723,0
1.54097238798699,1.63890119313903,2.30437591615579,1.96547361517493,1.70329520587726,1
1.09085476579056,2.7234446511621,1.95660874794967,2.66020530828809,0.578386294925816,1
0.668589404078717,1.43369415343029,1.39237177162825,0.318257826863521,2.48616177168554,0
1.8508296033214,0.931289973598745,0.329223300704628,0.994545043592465,1.28539474074521,0
0.999391429035692,1.79358537451499,1.17388474861093,0.725072730890361,0.514464233397882,1
0.196612525339112,-0.0513857811989471,-0.551248699871711,-0.0716012330610565,0.498694556070148,0
2.31773242513529,1.72554349818626,1.11539015363053,0.738678697146918,1.18543039248471,0
1.55823959167461,1.17517955535223,1.93654175776047,1.79688748919391,1.34071182013126,1
-0.111791969170389,0.785802710607427,0.523937469777754,0.589394080875169,0.89719460477769,1
2.05826293409858,1.59742397473124,2.69620147637331,2.26487740536269,1.98622326623592,1
0.9809479693609,1.14267631598907,0.702189362393482,0.987759784400361,1.93603477512744,0
2.05341865884211,2.09912177315294,2.12950853605981,1.79159985688368,1.70416298513707,1
-0.227148400440465,1.22379421098979,-0.54879548943176,0.295434975401147,0.181201657219232,1
1.07447964038751,0.460318237402888,0.846390019766665,0.288426124146336,-1.16582940037818,0
1.94546926429412,0.565407861605452,1.66113150270678,-0.294306969765729,2.18771001468863,0
-0.583509436292611,-0.230882633495596,-0.499789318375436,-1.18630664088865,-1.29495272753864,0
1.82173693712481,2.07711936137866,0.475372896924543,1.74535787301467,1.18380086048391,1
0.1160942784722,-0.772525655442594,1.27351002678976,0.809556788456817,1.85475074995572,0
0.634145293265052,1.76128031474894,1.45247237872412,1.93712390992408,0.799448091284154,1
0.975168010243968,1.04739526744956,1.78605762804184,0.722364287321113,-0.243287315710271,1
2.26112464645726,2.43102529088763,1.63217877575779,0.636592000054893,0.337073191543285,1
0.569986001726946,0.922271847824344,1.44287383260542,1.34161830000082,-0.0761554898622956,1
0.771595648184496,0.455588022247404,0.478937324419987,2.19724581177039,0.885413433083023,1
1.05905595437635,1.37451905303336,0.976307194674824,1.92633609508572,2.45778542760768,1
0.551734483713501,0.634731813879645,1.11170620018051,0.302962281802464,1.00167531076512,0
1.19991859823557,1.17017068345805,1.57380671976406,2.04054986862866,1.74496526531355,0
-0.320773786351208,0.260758761568442,0.0800910093014021,-0.728220139602565,-0.319912874501825,1
0.115803232075949,1.63941011559432,1.07788733091576,-0.577691999204164,-0.218937659930749,1
1.39073218880872,1.19512952464764,1.37534153600457,1.46604885567089,0.289354056091331,1
1.43007031109367,0.20133199497095,1.35726431520731,-0.0964565551102448,-0.214298140329169,0
0.155556581246145,0.324160515684704,0.354780126496637,0.719427413179167,1.42854144787496,0
0.0314134241095706,1.60252592100573,1.32784790844827,0.549125236867251,0.929711946923244,1
0.0307398200933193,0.499673204020679,0.880222558481559,1.05218503839558,0.615542364386756,0
0.945617670215479,0.660510655781627,0.0282083896722429,1.68230362873969,1.98710285806909,0
1.42315143006294,1.9665355647097,1.35194724444715,2.1324470452282,0.235069559233134,1
0.54730739614842,1.14638665658015,1.57617279117622,0.32547995339243,0.128376566693163,1
0.572197152307395,1.57526753064738,-0.547383332288573,1.34140581749411,0.962234735121692,1
0.531641268741753,1.56994878091648,1.09684399302435,1.53865142429154,1.29900964394262,1
1.65979146975436,0.889058872357782,1.34159856791101,0.70812573804109,0.811263023694366,1
3.58999490455172,1.95363352064616,0.302285634122674,2.06640866552294,1.97891859988974,1
-0.119434906929752,1.22099491587272,1.11598263110171,0.893926307858343,1.37757900566011,1
0.85167844368536,0.768989271999793,0.434543552249165,1.64057092195697,1.02930963029485,1
-0.831040609009004,1.10938084290564,1.00216014550506,0.435584076698537,0.607750578814174,1
-0.502742878365298,-0.123549949285995,-0.60867135294834,0.291969706605633,-0.966508662920026,0
1.10661451436714,1.46588181835724,0.309927404187654,0.322702410741255,0.0365492118839617,1
-1.02221161399091,1.02863844951306,0.768401739786099,1.29391960172565,1.93743205086947,0
0.796282108756474,1.27787736330628,1.23121913207343,1.38086433413855,1.40568700383763,1
0.980620240104351,0.972375416468951,1.19861671461167,-1.20699982281569,1.69353883673948,0
0.260602550829542,0.509437134187269,0.796912019038191,1.18491260633566,0.421341988089329,1
-0.409953661825175,1.01825735729535,1.63181413260772,-0.845979135774857,1.27277025487354,0
-0.012156482353773,1.05467666760574,1.04595022172044,-0.045258271799349,0.483925363227533,1
0.133485853007052,0.434848951671299,2.25383689980301,1.50157014313478,1.70186591030293,1
0.513860035427721,1.12448400542887,0.779756659892183,1.58181986705714,1.27327908936498,1
0.732356854802145,-0.0530509330250388,0.403614981041325,0.885657980520265,0.830672867404167,0
0.632687421267906,-0.035481922436206,1.28707795456055,0.587739677550919,0.0241324734340976,1
1.08053457795477,1.43437029762485,2.06594702897283,1.9851772123036,0.649192705730057,1
1.25689986899184,1.94631738376739,2.09318112156645,1.47221859606784,0.926698983064368,1
1.91773542103899,0.420397705376569,1.74243531434754,2.13114602990812,0.458962081658188,1
1.26265218567207,1.83587763748715,0.563821126734415,0.681215667758047,0.409382128728321,1
2.88953681046384,1.94368496432996,0.711334284785994,1.74199682482589,0.0471205631103031,1
-0.321670724308892,0.871362566682825,1.88079068487782,0.839521345479185,1.71783892020917,1
0.126936879314472,2.14213937095986,0.0477302649485023,-0.785391316034457,0.852063052912313,1
-0.539066004958804,0.458662811996313,0.449118161278632,0.262076212131165,0.970797512125576,0
1.30702822211023,0.324113695275921,0.0857849000453903,0.539696655934957,1.2924173645657,0
0.165464770568269,0.658095961185101,0.866263192513928,-0.264573299857177,2.21406077826497,0
0.769708776499513,3.11347405134778,1.08630048176872,1.5861534925816,-0.148472176736175,1
-0.409839785573752,1.46745904885691,1.04565369867231,-0.240046416536912,1.09354985952061,1
3.21212854933975,0.803163197022333,2.09752875811475,2.44954141849342,2.36769731366553,1
1.03022055576835,1.84455259784762,2.03074512656198,0.967976497324472,0.686186760426963,1
1.24511267507125,-0.305177557239214,1.59467702560609,0.51638883257354,1.58512520336549,0
1.27117800702972,1.60473800660561,0.351052402366349,1.14654675071344,0.854165769307902,1
0.396054201736628,0.742103996136941,0.89697424357411,0.228855145855332,2.21374780836787,0
1.18803795037841,1.00438972686359,1.27993753002948,-0.544219405927824,1.66299786333284,0
0.653450607151658,0.515255130897052,0.31262808145268,0.358584033211616,1.21026627186852,0
1.05838437721018,1.56761389689929,1.03905282101302,1.40178091687973,2.10430652128327,1
0.977869826450631,1.06441612204721,0.305001689140168,0.851986504491588,0.911487980934254,1
1.6320621441672,1.97803935532147,0.926977306294288,-0.422795822234819,1.14687680628608,1
0.112139117476982,0.518903149075123,0.250138928863721,0.146144874028912,0.892991014550021,0
1.10703006708617,0.783252246932108,0.949888047203562,-0.556758913351263,1.1085707002153,0
1.27805087214665,0.118334772141898,0.590747476716391,1.04225071871933,0.281223276667645,0
0.749986952919962,0.0885803100570939,0.32070486270123,0.190972169441785,-0.0596495573823903,0
1.00504800199492,0.960676461509395,1.53462724290598,2.59995990470893,0.945130511401816,1
1.48763352086914,1.04078432872741,1.4228990145017,2.06741755533159,0.607025516094319,1
1.55019091987494,1.84342743080564,0.895867595460106,0.430395748656218,2.46700507463565,1
1.08887433097254,0.369121196593576,0.535020866442526,0.701862258835769,1.46348176234041,0
1.44958670585088,-0.768228751478811,-1.1276998181581,-0.465162832853895,0.351956176126016,0
1.7822680825128,2.2509139749718,3.11291601050597,1.34729560258994,4.10715726348922,1
2.96112813239897,1.30302159990968,1.17344449457648,3.12257084053959,1.88260942149189,0
1.17831672635807,1.0057086646383,0.90895442114275,0.812780234203981,1.10335186639256,1
1.37623769542714,0.50429443819641,-0.0630053023819073,0.257113116911861,1.15368703299536,0
0.0826761351006252,1.82311490640752,0.914469301106833,1.17901307451956,0.493652531870286,1
2.61603384851543,1.86733227273042,1.88598547323803,1.65835821404372,1.22724430297786,1
2.6277540669776,1.20332866780081,2.76023541398619,0.237253871978971,1.58922156557907,0
1.74705005586097,1.33975318928916,2.26057439095958,1.0836251080451,2.17364410681605,1
1.40861232010957,1.39838276946718,1.0490693369336,1.04099544321225,1.41746452150069,1
1.74205689093094,0.514194269828543,1.18689718047028,0.708769424821616,0.936022651838986,0
0.451710824165545,1.22408628024834,0.751546457980331,1.31691155130199,-0.00136461198109794,1
-1.11047461036823,1.98226204214452,1.09338480010783,0.186950611031439,-0.134394295701699,1
0.504900438585342,-1.1205674928459,-0.00835741298575021,1.16726314567995,-0.575155576957918,0
0.799265986207171,0.759950013175942,0.31090961837879,-0.656389870780752,0.0598565134794677,0
0.355817384192669,0.527338440282822,0.488273169212694,1.5917282855528,1.08424716871191,1
0.173195683125562,0.628800231981315,-0.356204367558962,1.11600087956225,0.436274450130025,0
1.20378969493,0.661711705683403,1.91641091316975,0.855283843664926,1.54523684377713,0
1.35304582490386,-0.254710704774738,1.07955447735336,1.48150552407049,0.685990674862357,0
0.63446101262673,0.147144454334246,0.336065743254747,-1.24084515564738,-0.532208326769241,0
1.81155764175076,2.09625679519669,1.63548384380533,2.16706922171041,2.85354723466651,1
1.55902375789042,2.39543589361579,1.21342231932415,0.786639809099573,1.3776693831064,1
1.74125223076837,0.984497908949184,0.569487393138559,0.632142225913712,0.962159167995628,0
1.01797102628722,2.48448907652684,1.75995125098454,1.87113396549158,1.74951557956205,1
2.08348836782796,1.66953620399766,1.65773744541854,2.13107437911813,2.13233756129239,1
1.16435313427417,0.764424903333231,0.138729908541794,0.837569330559437,1.60625688195651,0
1.08716108360068,2.05901352442373,0.832702594601088,2.75615837039715,1.54400806679931,1
2.14920690323089,1.25110280806046,1.7022470993838,1.34340744494596,1.9765021114596,1
1.59792613254821,1.39019830081158,1.7853045159934,-0.146429742992144,2.87547800853777,0
1.10705458323134,1.43809895297899,2.85562934227609,0.631622481476371,0.71651986233672,1
-0.16385311930703,1.91228207953685,0.668530429434898,1.22571329556057,1.60099079859432,1
1.60787528968457,1.40745009397029,1.43401133115529,1.18116815834597,1.05638740951654,1
2.93836109300988,1.59783567945186,1.44821060729874,1.88308307488606,0.46882316131744,1
1.77547585848043,1.75754180062938,0.842968714997102,2.5783174684363,2.44651515866678,1
1.20980158427888,0.192714898335902,1.42183032478962,0.509411645860213,0.768932479545885,0
1.36487659536092,0.704406149600946,1.61599540573775,2.57492940292764,1.00970358045218,0
1.13690759299962,-0.164424352852486,0.145434950110544,1.30793539921167,0.800497540765553,0
1.01794348677365,2.03704413895273,1.96243345733253,1.82348062796241,1.03193888630986,1
-0.383273932287528,0.52935185543008,1.00925507234348,-0.781518234802794,0.424075042343488,0
1.0073438981435,0.649162957344144,0.167891639456744,0.0149672901730762,0.037341525376013,0
0.0391116407678702,0.652898937444838,-0.0317827846646632,0.224573320148271,0.574644960408651,0
0.161080953388981,-1.33445071090611,1.24320871479994,2.10831923783758,0.644936680609818,0
-0.198203993766347,0.87359453589874,0.477532059851341,0.104138206176273,-0.746348037788211,1
-0.686443712410252,-1.48503476543828,1.6078994277252,-0.187580772751156,0.062119137908364,0
-0.264267704061404,-0.234254741575817,0.972933298074923,0.700428740714255,-0.496298491776361,0
-0.00325932284130159,0.341169121212051,0.0190749095563474,-0.736180597512674,0.62385169732522,0
1.83819947252944,0.592864128553907,1.92327722142418,1.55838444194705,1.24421975306614,0
-0.693905169325301,0.347024100433189,0.178530564079458,0.427783455360657,0.299780746216063,1
0.889190972961505,1.59137796308769,1.36502419658841,3.20303161711978,1.10928020445991,1
0.706252981264754,2.13885858386378,0.783682286299984,0.811271075219901,-0.0800764332292576,1
1.77275081378131,1.08810405513458,2.74966219342645,1.75404089769695,0.919185087282821,1
2.24933242355813,1.12813862745269,-0.0305409606478624,0.53876100302788,0.140860759046197,0
0.262806888481086,2.21978337857776,1.54032641856799,0.194232748256594,2.23297839419953,1
-0.0747295193837443,1.16660992756022,-0.486118674937747,-1.10224005904916,-0.255142188870401,1
0.506649839611902,1.2508805217172,-0.664707132825813,1.11833607976646,0.303123808611801,1
-0.222751085506997,1.09226250029603,0.948575091456182,0.593546472884445,0.92552564383073,1
0.796570070317447,0.310523776154165,1.09443471175772,1.56025657478262,-0.558475099325005,1
0.564655720457278,0.116543078292646,-0.15442512253182,0.280782851142755,0.163014311185235,1
1.44471360807967,-0.0239916772932334,1.00207601041747,1.57443434962558,0.919114676010264,0
1.48929210176044,-0.427869866385088,1.30891346581568,0.804026949047434,1.49627529989255,0
-0.235861573063179,1.08730434514253,0.557142152413608,2.10594190607947,2.12310564239317,0
2.36213630199748,2.21342347881274,1.32266013977033,2.78702885246333,-0.00737288809019843,1
0.745266930854366,1.25393573150822,0.976208348063975,0.157943122231942,0.591866939953462,1
2.19936141962209,0.537734962927929,-0.636447556612768,0.0807040997269511,1.90882818431509,0
1.15307552997243,1.01014547319547,2.2546129182584,2.0274518316334,2.15489043654331,0
1.61365394382852,2.30429387916309,0.533105619648244,0.98229521392943,0.298674958708011,1
1.43695068747653,0.364750942882413,0.88765527934017,0.983363262395944,2.93991959030453,0
-1.03761988710047,0.295322158245348,-0.22285192876682,0.179268221904588,1.08057175807252,1
0.834155380541366,2.01906206199897,1.06153923275437,0.101147635345866,1.50116106025699,1
1.96212178177262,0.642793874670357,1.41642384975052,1.20052046009314,1.13467193566792,0
1.39685250680948,0.924074796277609,1.35501064708518,1.61495512449257,2.5598782908137,0
1.46439975549442,0.937542831696699,-1.05211981816684,0.414784538264042,0.802412959645898,0
-0.0931274196042369,-0.497807320651323,0.906053484332034,-0.26255993216316,-1.24311341388573,0
1.04852030690569,1.77600433875602,0.632851496608538,1.94664086626487,2.02903873857398,1
-0.556981120327809,0.120521057076054,-1.19774618702375,-0.552254025830163,0.870531295406072,0
2.67675363174409,0.674065885953043,2.71012549444904,1.74030919196484,1.07220857578327,1
-0.865539905270316,0.572160821882548,0.927479114132374,0.628585501912653,0.166200446606993,1
1.39648976958072,0.55569372079341,0.0736239363089006,1.48088776338741,0.774787265152753,0
0.454725914447696,0.855388809556139,-0.372913385295057,1.04039222245809,1.48490359193289,1
0.670905558058739,1.46567905921242,0.390609357271502,2.26367414002107,1.2622068572297,1
1.15003072601051,0.736956955876432,2.26087489383493,0.930363480432604,2.31450122033487,0
0.40951442819659,1.28355221504788,-0.607926712590476,1.06794264149522,1.60521888264464,0
-0.255010143299488,0.0470728058757677,0.598630859196505,-0.0170869740233504,1.34946636784607,0
-0.371360412215205,0.589527630177541,-0.306552220937853,-0.214822038142754,-0.648781567610491,0
1.55199879232242,1.35280968558267,1.13159633561013,0.909852529169715,0.52622182086884,1
0.961183522534911,0.222773660248353,1.54571567888892,1.29056509171768,1.45703719377813,0
-0.0417740276015599,0.76605315024636,0.561638400328831,0.798086730847638,1.41511313744605,1
0.51062396487135,1.09349139349639,1.76453254301379,1.42847643568809,-0.135271755186031,1
0.634095092634405,1.17396546033264,1.23638367375931,0.978996677588333,0.129341057063512,1
0.239099309603841,1.65373365900893,2.29338726579141,0.625116016349972,0.728904056250261,1
2.72598479184466,-0.4818179129645,0.746635822573034,2.07510511893483,1.57087575290299,0
2.86562858813424,2.08148815953793,0.384343822263404,0.84538242064429,0.482637034938505,1
0.584523492060117,-0.797082272085171,1.13540876135824,0.626960635632638,1.94574983508012,0
0.0814108677103462,1.21254064459477,0.376114939812642,-0.224258996590589,0.468258547663798,1
2.17019571881838,0.937893806398787,2.34833219906542,2.38192479300622,2.12876497336505,1
0.496282191001559,0.932348355123143,1.34007252346313,-0.30025737097624,1.49426377126877,1
1.2205474847445,0.520516652629441,2.65264466139304,1.71671079670022,1.20059180576017,1
2.339418214332,2.60831377621295,1.89897376744779,0.582988782091536,1.98448607117453,1
0.639666641951337,0.898305021583015,0.7755950393403,1.8944924535829,1.2754176960146,1
1.25878340004789,0.219832172401605,1.18748097715775,-0.161706606187485,0.7699617960978,0
0.702942586956732,1.21601349199225,-0.0789634064846241,1.52949506484838,1.10358134990847,1
0.714171764812381,0.728159265620045,1.21589142152298,2.24939219786244,0.359563530008144,0
-1.26294028539334,0.196250651857645,0.496471328087329,0.198524152522474,-0.703338377858366,1
0.978476900447649,-0.407185977664298,0.808685910244869,0.879395354470437,0.563595018372215,0
1.90361791273875,0.774048079743177,0.365286214622045,1.18504312165582,0.688440247574858,0
0.648296792351165,0.628299082112155,0.805107825326692,0.0239102044267268,1.70621060280737,1
0.405916754879542,0.950853242606163,1.98592725254946,1.62242047794198,2.07092672306497,1
-0.743543440857532,0.29910373702909,-0.342984543211833,0.84856474960022,0.531100512866648,0
2.62185081754556,1.17204447123157,0.551252607700869,1.66576640761081,0.411489164676103,0
0.193258601498403,0.613764608780406,-0.591862844663028,0.913091643637054,1.01310151795012,0
1.69466387159348,0.921298489912036,1.70892939562024,1.1828036641771,1.19631917903686,1
0.672845578229281,0.623093472248506,-0.853975689380788,1.19374541584113,1.3297943354006,0
0.142952531103611,-0.131911673071772,0.00882790302629455,0.415715188364546,-1.25514457840699,1
1.28943836100953,0.844906920753771,1.18591633773375,-0.0174410691929572,0.067233534240039,0
1.60370251777228,0.945739722613889,0.1016867301185,0.922057530405173,1.52429235598136,0
0.745332225479812,0.751416496554945,0.899246056546438,0.413180296792728,1.00314505116011,1
1.09985583624236,1.62824591625831,0.278419431356807,1.60452722089122,-0.72480551986304,1
2.00305342272104,1.62828001954793,1.78575640485384,0.935146040239538,2.47908912709032,1
1.44418647844632,1.98570181065866,1.5445929495361,1.00356315973337,1.57348395198559,1
2.39733195063669,1.0525650172229,2.56399742419619,1.71136689552467,2.55850894357713,1
0.743613924043491,0.818924423729129,0.413068735973774,2.06068916627452,-0.326347149652254,1
1.29404062745223,1.56348660797808,1.56640523399927,-0.45153915761615,-0.692807855222776,1
0.592913854690315,0.877878465372249,1.83321752046672,0.882834713128456,1.32490944819418,0
0.790810383076683,1.01246421245528,0.441792278541922,0.264103929582655,1.73686163563285,0
1.85458300992423,1.07729067835723,1.91752759242067,0.209820005261624,0.00886092045886644,0
2.33375100649347,0.676576718837014,3.04764887918157,1.24282700641276,2.29592317564472,0
0.661255842616623,0.940093478870517,-0.962088117033649,0.512819890434625,-0.0381599069374501,1
0.989547702162182,0.916709445486608,0.943809979485132,0.934830445353306,1.64510551918727,0
-0.0561628735624553,-1.02162052242477,0.233265650170754,-0.263753355415844,0.95843420810032,0
-0.58514642366322,0.997821898592424,1.94352543223357,0.443779375129325,2.43006891643762,1
1.92636966186941,1.79092376654775,0.922022964366641,1.24394930471378,2.04817618082989,1
1.35173317149679,1.17539235291407,0.338162518745479,-0.522482053560009,0.591006894361691,1
0.751578023690709,0.603387683699748,1.36474380830808,0.039516956862649,1.14055380635156,0
-0.472634224965048,0.428022369187071,0.391041713537232,0.283421302317973,-0.110753257081351,0
0.361163148576504,1.25258706477773,0.188016977268217,1.33933075506049,1.66720204053052,1
0.809203773814543,1.40759925975323,0.845124231893698,1.26607011211651,0.835020226170011,1
0.439965953262952,1.1277462506309,0.726613903760876,0.113189251346142,1.16903799049398,1
1.46641096617544,1.59907838347339,2.07967748374555,0.289456359819657,1.01720331993888,1
0.916095678636026,1.33124283358828,1.29220086452083,0.0443102828338074,0.376083024946939,1
1.31445611077059,1.08893367014611,1.41595399317904,0.278297115271825,1.09406921167547,1
0.817786601741746,0.0698761155739082,0.117532937817184,-0.785973817499272,-0.347012004084032,0
1.19911400392886,-0.424739137962716,0.833904940422559,-0.0122630192135307,0.0655924106197976,0
1.02752695548788,0.581766121378091,1.14121205783015,0.927983962628859,0.141507369769186,1
1.61307598144356,1.9429782863392,0.981718437451323,0.325223396542867,2.78916447693825,1
2.36655633735994,1.06998338848351,0.770325779077617,0.452432349163509,-0.213054174900086,0
1.35296865499121,1.6176060182,1.13643916808635,0.919743585391724,1.46680799286905,0
0.635555046425254,1.37303516667426,-0.199176308127686,-0.0932145544999363,0.690025196097312,1
3.3940712253711,1.88003678451493,2.36051678671597,2.65442905357581,2.51340715298906,0
0.859529608416555,1.3980204926251,1.56289510233705,0.574107660292577,1.0573633970244,1
1.47357934005841,1.62862290440862,0.68728950468527,0.504168107373526,-0.423577551740625,1
0.405447661437639,0.91369774048798,-0.454006508461504,0.227790308356904,0.892963849068877,0
0.538760704469578,1.47580997016437,0.540163640482683,0.990640632219966,0.849530206204039,1
1.63468723574713,0.785127748450916,1.51504360036568,0.74209372671309,1.48436416709675,0
2.00399143032423,0.744313102005041,1.21912366832042,0.329518641307468,1.41731793095636,0
1.00345264139502,1.40805197686566,0.438932885344288,1.92979316266291,1.41409739478889,1
1.20775153202404,1.33924207623389,1.39323203493829,2.311905060524,0.89057364954204,1
1.62755742751749,0.552494657514031,0.0694801019577725,1.38290356979817,0.810675468144191,0
1.3963441357316,1.41863965147165,1.20443432771767,0.959173221693361,1.67312436326901,0
1.34217525988413,0.488979964156818,1.3968231205136,1.08928263665732,0.601505794583676,0
0.888339967818514,0.885121694769081,0.55276106766895,0.872883032734024,0.839873263683661,0
0.860877177781695,1.33945703019705,0.484489403187378,1.00843151001288,1.66364344524802,1
2.09727230092344,1.94500071679538,0.870121778554388,1.97121371873646,1.48048905677149,1
0.273040129970615,0.185929629411913,0.485310089220014,1.32416685833625,0.567041689258338,0
1.88539722851542,0.473581066512748,1.23967692690756,1.07786319630405,0.769881299655041,0
2.59455631012109,2.12177733804479,1.56145979895778,1.60986540957701,1.79378916436859,1
1.82396526740787,1.99472883715277,0.943457146588135,1.7303056383798,3.09359558962715,1
1.60711003615506,1.54123110919307,0.298178182153274,1.22356072839023,0.886710243078965,1
1.26454822744202,0.336393004766569,1.30127639352505,2.53513782304763,1.21601667270415,0
-0.444940502260244,0.794204888931423,0.661315080837863,1.43418036660417,1.3185274819792,1
1.03196919337655,1.89662317222912,-0.0241447238998498,0.654510537805428,0.86589792957747,1
0.322061222665624,-0.394494589828241,2.69174583987746,0.468174131828618,1.34540491409076,0
1.06852619572713,1.16718598153028,-0.506355310718552,0.603305573847495,0.898115365853483,1
-0.144065916066233,-0.617085162180951,-0.924788459936072,-0.6217948745922,-0.161257854019105,0
0.329201690532943,0.264794975752489,0.714816178721149,1.62524951619293,1.27830175167954,0
1.42024753982291,0.770532877761196,0.0261125963278206,0.911122964685298,1.24337454926445,0
2.23410789016659,2.04036602763196,1.65099930453987,0.910157358185285,1.0633871888181,1
1.90196387946392,-0.0551150635598652,0.121156495498764,1.65685784880465,0.441589038810387,0
2.49365272991214,0.0999958475409229,0.793259647951393,-0.83558797728734,0.590827088365439,0
1.70248467555371,1.10323634755969,1.94788131005229,-0.660266235812722,0.294634010537436,0
1.7869986794482,1.94636089463136,0.814415019529996,2.4069004506123,1.92407329408757,1
1.044101884879,1.86093284285961,1.25167211036592,1.22466014055045,1.06571607264017,1
1.94001320318072,2.07644058251769,1.74824971503147,2.2318492859439,1.16472115926494,1
0.970007580717298,0.351127436389543,2.58311534930101,2.96958865482422,1.83195512959627,0
0.257930605329788,1.73662833390181,1.30968479952433,-0.288718206072242,2.30799878432572,1
0.26308161720998,-0.0660470462722069,1.60448954259708,0.508878851829724,0.945916315535654,0
1.0536830018349,1.22230929126556,0.564595886353098,1.81149252437321,0.573710153455004,1
1.90607586140091,0.341883060456273,0.986533118688876,0.783003285000383,2.84439582076626,0
2.65206940820772,1.66680371289189,1.58294822406897,2.03641150462878,2.06755550229744,1
0.221448757374647,1.26234686191147,1.44300340127268,1.6905205626293,1.53988010141854,1
1.9199039151891,2.79034628428046,1.22423799662591,1.01746861744391,2.18256589468127,1
2.17131651304975,2.25431828448262,2.77976520065536,2.07022215352211,1.38346629927164,1
2.01280860300413,1.06882338791792,2.2097003382584,1.13543826641693,0.97931627642152,1
0.816508298473465,0.828616647367768,1.47485706322885,1.49382050308961,0.92833018347998,1
1.30476257341733,0.772665966679677,-0.136046903832525,-0.238980919676751,0.259446332683717,0
2.75228107570958,2.77422110474444,2.87381144976002,2.86702187456077,1.83054175226936,1
0.112334066596355,2.27479167413081,1.14391466692266,1.09902854269035,-0.0730700392024419,1
-0.600443017526303,-0.0504432816951834,0.919585965836615,-0.14756963079645,1.75309688910425,0
0.353076618258182,-0.520914516735884,1.58292671336631,1.4098464686761,0.0594616979112462,0
0.914575038731414,0.713970486167765,0.62089188556983,-0.0259545093872757,-0.269391509201495,1
-0.284328770720187,0.271821455801162,-0.157700365932085,-0.195670604496888,1.21095539972342,1
-0.205442040510062,1.28837832679508,-0.324304963171878,0.950832818915863,0.212007856036849,1
1.48381681712743,1.71580152566052,1.95715245434526,2.06789049999134,1.47756874860422,1
1.08714896547497,1.23277298682611,0.813922897870798,0.807105546197977,-0.0716106017018174,1
1.13225352393351,1.13765617411865,1.13736161772899,2.28040124410328,2.13865762071224,1
-0.888278874429949,0.747959804751116,0.586628018648698,0.36462853577384,1.28823656248616,1
0.515150591903666,0.824967341526191,0.692250763868333,1.23149165284384,0.00805237789073254,1
-0.0642167941583844,2.45274253400575,2.03964872430009,0.532785566663588,2.4357221521576,1
0.214590517447573,1.06675024788167,2.39407388938338,0.467983661908942,0.93942638045481,1
1.63079056824396,1.36772513283392,0.434668428651608,1.43438938386913,1.2256734125172,1
0.687491700656673,0.0568411804624815,-0.0846623676807108,-1.70505109513785,-1.39447577828003,0
1.97445313996038,2.54491411461943,1.38119938092311,1.22471116523232,1.21274800515035,1
1.47707360743943,0.164373179533027,-0.200444102291892,-0.0467689733267134,0.269831667410947,0
1.59861901883015,1.80961808052343,0.35212457355106,1.07953127103048,1.59553102927346,1
1.79685613394904,1.71077377314616,1.48134085380574,2.22867200476942,1.48031316315321,1
2.09610660929993,0.509228919705984,0.955662099120692,0.184631494634946,0.194913536189142,0
0.680868749106849,0.832311879762419,1.13231240405277,0.600255799454064,0.143319752618222,1
0.893640707411667,2.33643296959721,2.80705816399332,2.31039928344979,0.334851349245556,1
1.23864779669024,1.30913759041416,0.603930185086605,1.89077541036377,0.275112521244103,0
0.698777539720113,0.266555682360145,2.00689243715262,1.05640977094164,1.30127538967335,0
1.39460181888427,2.05581113428434,0.822048565920163,1.65616690846798,1.84944468041307,1
1.02174965198374,1.35041947659234,0.453838853060129,1.52517636454134,0.680121467392101,0
0.672171632744136,0.200611520222129,1.7911194072922,2.03947084248863,0.929188942816868,1
1.07289080771972,1.2632123195113,0.517229721560676,1.67695409532132,0.354264726574959,1
-0.496435854991433,-0.208975822122272,1.55970034883759,0.32144756886222,-0.27843596128901,1
3.55361581717254,2.06654399041894,2.20777421016794,3.11281802574393,2.57407783673458,1
1.30480236687318,0.788651994180688,0.802908889528956,0.283378275688923,0.66304705213322,0
0.604244696510352,-0.256218517920034,0.238386362431124,0.98248163309955,0.948482390534666,0
-0.0673196307146253,0.716285954343834,1.32736633219359,0.269175212712709,0.398300061910982,1
1.43814208973459,2.09246350844241,0.207526045492194,0.715748471076877,0.460003125731632,1
2.1350928465524,2.83822223572307,1.76861948516698,1.70376101409482,2.02017169706305,1
1.65994383016779,1.08305066446096,0.483066720714335,1.0546969934448,0.135508741403604,1
-0.502705233218166,1.15279864209644,0.574283421774596,1.30330224054266,2.33500569363624,1
1.15407862675774,-0.197273781522115,-0.0795558410087958,-0.251961295063255,1.59016092985611,0
0.527927815382238,0.937460570150264,1.19663185088512,1.0374077313509,2.0579684279763,0
0.954840601399145,1.54351673107083,1.08871704744864,-0.3867681692681,0.586369228931611,1
1.94611679999478,1.84910451633081,2.19414433233998,2.17203895355014,0.79771602930661,1
0.977790632694461,1.58516979469927,1.89243289341045,1.43756752195978,0.683864510836544,1
1.93810300653854,1.27189237466038,0.356086474068811,1.24478415529619,2.57778890834145,1
1.09929102519349,0.398925122794419,0.309902342627389,1.29461512176856,0.302701202194458,0
1.5990729213512,2.34537277902962,1.42338446234312,2.70779958471591,1.67259502886495,1
0.692721998900449,0.221626927784278,1.9736121751527,1.28004626841267,1.43280341204055,0
2.00789675745227,0.933779923682043,1.57388074176643,0.706402602968866,1.28847474670134,0
0.311045840614435,0.0721548003997167,0.744288142417637,0.406205920131743,-0.272090495948213,1
1.43281596206244,0.426286439265325,-1.39543353731079,-0.514140856580606,0.444136568285499,0
1.93031104290555,0.805428010390771,0.650403775089222,0.309903089683286,2.65927816176597,0
1.07255940437536,1.16263445464351,1.45574062835084,1.57167447536251,1.11172456258899,1
0.229321415285307,0.550563617945466,0.934963810193898,0.360191815599066,-0.389410004611561,1
0.46384386606235,0.401111452770689,1.14521126389791,1.11158772574361,-0.302558481108275,0
1.93739888536381,1.98016591888553,0.727227463033977,1.54874081257308,0.688779449195562,1
2.13302947324401,1.4717248206191,1.63012259396305,1.370053396497,1.11016992044984,1
0.333782621294933,1.28814989008462,1.59732968196562,0.745229300036842,1.14602130871004,1
1.9860134401886,1.61412518318287,0.884214280155172,1.75473249596745,0.741544929732196,1
0.504701410274721,0.387650896560968,0.121533480936512,0.937778535876038,-0.546251730820255,0
0.466662993414858,0.845534471258976,0.439853639939953,0.428733315059,1.11831552694921,1
0.869649494797142,0.59877409829378,0.61796513696933,1.2367668836044,0.979256571983952,0
0.0432097837682146,-0.048016030106989,1.01287476407245,-0.195526763749549,0.819697863851967,0
2.32966020308525,1.97106318243627,2.06202559371339,1.7720303067343,1.64282339818742,1
0.264243049532129,0.476903126117152,0.843960931087699,0.917602888605272,0.942590101846035,0
1.31658623524785,2.06467924023746,0.467489528370532,1.46936445488829,2.10262494304088,1
-0.0384661467295482,-0.37349840090402,0.383269727005381,0.113054253845056,1.5798345416795,0
1.46180815317287,1.14123182406618,0.112682212859728,0.60924418428162,1.89964951206724,0
1.56962126775302,0.124896773408237,-1.0066483563397,0.819493143364779,1.16233263850957,0
0.373848503622733,0.350513669497163,0.530730421264035,1.67436951385895,1.54111550031093,1
1.03423389713301,1.638404934197,0.957565335565107,1.5552936057949,1.92659639433537,1
1.83235522642001,1.8352230606326,2.53743944228861,-0.149367983128577,1.1671574089009,1
-0.196276404813504,1.55690797410139,1.71548129107989,0.98310096265041,1.76996056922068,1
0.618890793565351,0.41345253724144,1.71285844290396,2.17679963896933,0.653052441700937,1
1.00487082718413,0.560454964489696,0.400347332358491,0.954127146570951,1.71957940441744,0
2.15038385494027,-0.406406444363304,1.26574630602994,2.16374507714304,1.3208802343851,0
1.09878034736054,1.45819927333893,0.199825428566426,0.455730630000292,-0.131756074121702,1
1.54992473440971,0.62298452101891,-0.0844613252137385,1.28795363121904,1.06946420972318,1
-0.383777161883098,1.65084072314818,-1.37014938186145,-0.594600323592478,0.3160989098968,1
0.870572190850216,0.530890557182965,1.50462052765359,1.18303296349577,-0.315293535148564,1
0.0580402259840658,-0.350745683188849,0.433073228718582,-0.460171713757953,-0.0391874431976345,0
1.3518083552751,0.007631217937215,0.0265268097908939,-0.416263190411479,0.258939812179885,0
0.805014020697258,1.258988070953,0.162525694911724,0.897575590762728,1.43127046824815,1
-0.668408678198432,1.73538679308986,0.148298660885605,1.05536125839,1.90797545821264,1
1.79112944045125,2.13333764788284,1.21669486194289,1.90227274936636,0.510536907154731,1
1.27795018614325,1.38470472792121,0.616437413389026,-0.000651040391531632,-0.88321306944273,1
1.13449626164505,-1.08285106481193,-1.25972817373389,-0.592899505369362,-0.288144272963986,0
-0.267257827102344,-0.0810466703977895,0.201552638970514,-0.0243128786115854,0.190231133365524,0
1.81014695412931,1.10544230786484,0.947048197342623,1.87388337670977,-0.501599599349217,1
0.753209521218217,0.281040854422985,1.15819072353521,1.26284905609427,1.34937582759687,0
1.91415333892953,0.236298411012951,0.989919202670485,1.12175090477251,2.03314127993165,0
2.07327722546129,2.0395680358632,0.449280418660328,1.81262641316846,1.75020297533044,1
0.896915162191118,0.476617657823163,0.377378955619676,0.612906331017667,-0.836800545883616,1
1.17167889027525,1.58286916351498,-0.149299733409832,0.469604082605982,0.478824843918061,1
1.38808305395171,1.13476898159155,1.24262378356189,1.70649637182839,1.57992420519312,1
0.438067459738402,0.445193041591596,-0.547937801952869,0.777534274807063,1.16927110855403,0
1.13987926165703,0.957076953481611,0.0159152580824689,0.605545085166559,0.0925550362184,0
0.477066528194867,0.835897081352178,1.05510619077939,1.84497611759787,-0.151097882977421,1
0.577355142608803,1.74100389934326,-0.361330225581198,2.22574848810748,1.07118585068403,1
0.682971303288314,1.85767464300734,2.90333056305485,1.66216654480013,2.06390901089475,1
1.62941362227655,1.30432086378415,0.108053059995485,0.854449639578166,0.858505408584146,1
0.888650857665638,1.67260026826143,0.3671878887703,0.679710927280669,0.279310506646214,1
0.286733316757874,0.542922175409453,1.02165558578943,0.472410098483833,0.316852638692257,1
0.872637218528966,1.81343541042603,0.964692250956194,2.51088114355966,0.556391536806217,1
0.969754467495928,0.826893926649545,0.787992458644394,0.52032529247765,0.592111987784604,0
1.24324610455033,-0.493529021414817,1.33091512126437,1.26155265640815,0.824241168644816,0
-0.998321311133967,0.614985990801546,1.54027655803754,0.604107091654912,0.806361771669213,1
-0.858563414966295,-0.356363773596499,-0.439522548211726,-1.21726422356037,0.0557881347384818,1
1.92442607805777,0.318569000449136,1.70245214051604,1.82187647046044,0.567777165745981,0
0.419075784469741,1.21091127235619,0.669035660986867,-0.182637299979456,-0.17767520127723,1
0.687760404651649,0.475970395192674,1.17547278256255,1.9225169625641,0.9352733956768,1
2.11675685398964,1.49984381181439,0.622865755771132,1.17286583137204,0.254138181039784,1
0.865790161815629,-0.43587580670675,0.591364809806519,0.00407976151885081,0.857163132513374,0
2.09459062234012,0.492531116181923,1.1698779195999,1.48168858295212,-1.05822155690549,0
0.9975412696882,0.0552304390123884,1.82150525282843,1.41842323079977,1.94068884274523,0
1.81529987912273,-0.0537963155636274,1.7993822263166,1.71685976747591,1.62039927522711,0
0.822876992942231,0.663813009036792,-0.129990606612413,0.497263333460935,1.59518493298822,0
-1.10953159505124,0.517968146162922,0.296182469027811,1.47782454445288,1.8907444029982,1
1.36674289600137,1.52187987204743,1.52665923055966,0.288647131298095,0.604127554225845,1
0.973992606838044,1.07117773662998,1.01702177818774,-0.0985213780253797,0.685572239076572,1
0.110091212408468,0.0113553706393387,0.723592166262846,1.14499621542272,1.50786426574614,0
0.525162816770312,0.513000124519147,0.334524977255709,2.02992725721952,-0.0197565362747427,1
0.700984461971985,1.06120822799509,-0.569723822681592,1.81413005635768,0.641053134262359,1
-0.0903470115117293,0.732541008659137,0.651601757770961,0.72960908560395,0.458313718371501,1
0.945927565320461,1.83012022588513,1.32809364430039,2.60702862868376,1.16462245979098,1
1.27917015111573,2.05493669355284,0.232315797877024,-0.866751798815695,0.389182794600451,1
1.83647324160463,1.47441189910836,0.153331109796615,1.77745036759556,0.543233306703085,1
0.24846917683329,-0.00609223985195784,0.398775724332068,0.554097403091785,1.61279519243812,0
1.24326815951729,0.644587020318641,1.03701832275746,0.913819684957033,1.50597258407432,1
1.4755425748338,1.23665823817245,1.21742578409842,0.426754796287912,-0.202519952574482,1
1.85828199317546,1.88279643613135,0.176750564731555,1.38209914158291,-0.0120355730075672,1
-0.146114171905112,-1.15916704790343,0.263087939465665,0.943028903946453,1.16195725012693,0
1.0318792006976,1.44209147666775,2.54420089971241,0.355460528432331,1.97436851214276,0
0.233909124318638,0.986720746647677,-0.673142560692916,-0.701064220462714,0.562130889315172,0
1.86897816838526,-0.536414763410626,0.479504508133256,0.937843762235343,2.25432875006109,0
0.851310286416409,0.699675551179671,-0.916133867636678,0.844208577945783,0.907583294661151,1
0.162775139422449,1.77107501407031,0.994487267186209,1.7003784615625,1.02621562096996,1
-0.145644322105071,-0.165804993753663,-0.867471588021847,0.342316877543783,-0.603650948145207,0
0.537727692555281,0.318176122784008,0.764698642391526,1.44670536142568,1.11165889041991,0
2.01420759948824,1.76475266258642,1.12600157342698,0.869116546046653,0.994935319214811,0
2.7919724369576,3.10393155041549,1.81965024728567,1.97578994767495,0.607990164470819,1
-1.09053800247347,1.39409643544246,1.38169674155753,0.114113374560161,0.208295870646241,1
2.84044238941035,1.50983767083861,2.0359911176921,1.26127309004367,1.96382306731014,0
0.993872692803065,0.489463144404534,1.46189710081635,1.72762765656713,0.0898585193905201,1
0.406399267377338,-0.299194850113672,-0.399684732411743,-1.25551644385506,1.32550989410288,0
0.0179105871668732,0.197849163082275,1.33709814084205,-0.0980623790187696,0.394900318655883,0
1.3756617250544,1.31673551128159,1.12561687071284,2.03895278733542,1.78880034290485,1
1.8028317128456,0.68004043309848,1.42449617382152,0.36380435362093,0.247185610341892,0
0.689728577205571,0.976789792091169,1.43413237602003,0.2809333017213,0.602937674060218,1
-0.457488907643803,0.672431656349948,1.40020896167629,0.729743535633836,2.18923681417711,0
2.52051091705105,2.84329708302932,2.2643251529409,2.50784812427323,2.75878210692593,1
1.42684178143947,2.4734828867624,0.254215615484151,1.53291301168567,1.28651284219069,1
0.728286592620054,1.72197105041319,2.72858470553381,1.68184488349931,1.26071725551042,1
-1.22953147713819,0.785723129879085,0.705239258864082,-0.335764474679252,0.558681368008388,0
1.37139662677041,0.614574078454259,1.16073206897726,2.04883849706504,1.36136498349384,0
-0.0107166257623552,0.27666306304791,0.233536543371276,-1.54075103326576,-0.0679465145356055,0
0.000862866189230149,-0.718212701497857,-0.488477224287967,-1.88160885933387,-0.503994866171974,0
1.06099052319595,0.92195363422085,2.09593118310304,2.44517977522887,1.56677551182081,1
1.17964325196641,1.20421110938543,1.14081013050124,1.13147274810093,0.617037421648505,1
1.51655461194179,0.826606976400931,2.387329073696,1.7703711663781,1.86206379563698,0
0.548569425211946,1.25387750909494,1.93429807231844,0.964818234843597,1.30947320538459,1
1.70715123652011,-0.270133444678423,2.28508589413801,1.07873905596186,0.202894197330175,0
0.363928742670038,0.962102854785562,0.567076538956103,0.284141652914397,0.997293899758019,0
-0.655269795428838,1.18173826315121,-0.157750123851657,0.825621037198588,0.492340402437935,1
1.56898523136328,2.79466909025877,2.16035319674457,1.89427661352616,1.81889248936798,1
-0.276790891620524,-0.282716790340167,0.976413207381534,0.389606220759812,0.910382993621098,0
1.13522984106096,0.7648027258261,1.27499017591967,0.747591807809299,1.59882785906975,0
0.801297047675457,0.812491317858786,2.6103888248919,2.6437408380859,1.07127735469843,1
1.66465945402243,2.33324474881353,2.41635078722586,1.26177232564674,0.982939783346339,1
1.55382224207066,0.958625481178928,1.75235452264457,2.27280331206599,2.46711172933578,0
1.26479109912591,2.09033554327868,2.18900871727387,2.32922552633044,2.22886050692835,1
1.21718583961501,1.46568217020393,0.388369826963023,1.64199925563423,1.2216127925656,1
1.45625349744887,1.37832782232949,0.0563995975631058,1.40133091794227,1.44869945171575,0
0.378505978587902,-0.000470063217761441,2.46030694927074,0.218255960813646,0.969451928794282,0
0.815793875491083,0.286184650863893,2.4389983855865,0.697945372026491,0.793879658608598,0
0.524532067798324,1.62092932443176,1.14158774345528,2.07467411853631,0.421399444461781,1
-0.267793155580874,-0.715836225600945,-1.95677360994264,0.23722188970059,-2.18082488122542,0
1.68257819239752,1.60671593890087,2.97367383724697,2.66635611709835,1.82621612536567,1
1.14915797678489,1.42115065214236,0.717826375021426,0.281819363418529,-0.184875623765465,0
1.6118715741062,1.29519180595213,1.5136812129247,0.162674402608679,0.838829375924744,0
0.686335711611814,1.28675338252981,-0.777742456129887,0.60573299768738,2.51797791341686,0
0.996806961297523,1.31636933412626,-1.20148565640853,0.324112069447936,0.978085440296221,1
1.77607184435024,0.716099618225143,-0.188586028314383,-0.466387907366163,1.27057472000847,0
-0.584595045315531,0.432425557914438,0.939145029796634,0.157684929049187,0.0482720788573657,1
1.24913731769867,0.257445723174017,0.601334403409832,-0.387235805557219,0.0257700342576672,1
2.08355748610774,2.38148607549297,1.02510728223732,1.69437210927136,0.883989310491516,1
0.151991155914455,1.74932324175825,2.35146848196586,1.93531235167006,1.89758728981652,1
0.067302709524783,1.19189141675876,1.70104657229015,-0.337321555773352,2.09978682643735,0
1.75401641069152,1.90227612544251,1.42863141208877,2.77555979416271,2.22257998657066,1
2.32189840236208,2.03368264794488,2.43744033313304,2.17839126588005,2.37068228885324,1
0.873721253984335,0.349961294047626,0.391379969846313,0.7818133878889,2.03928453304443,0
0.151709269835102,1.61017223068198,-0.223145876072481,1.63576425407371,2.26985496319643,1
0.666214344366589,1.76943506248948,0.969999627991074,0.445499452810281,0.453355935462702,1
-0.542919196030909,0.784100760646573,0.459320584917431,-0.418675542835379,-0.216647309410592,1
0.0740856762555901,1.4692225783661,1.56593890407232,1.1782924661377,1.63296823697578,1
2.04702498513732,2.46087962041136,1.86815340553795,2.70074924619104,1.61428730194291,1
1.80981630007226,1.1310770833504,2.01950338647434,0.504770664299143,0.665192306548244,0
0.844706268851937,0.769309137019046,0.835380830017217,1.25766309534401,1.59569161958367,1
1.15391248730434,2.19378042044131,1.69570926162186,0.980747457118943,0.690370285075603,1
1.97510049973051,0.95490023616493,0.853319367707319,2.78281164032796,1.85748237465226,0
1.10740581548491,1.4398178229777,1.73226587268741,2.43250572256439,1.63205041639818,1
-0.140007004295495,1.78928418854146,0.0168923834211562,0.0822065050952442,1.02871825061825,1
3.05289846086277,2.98137255274912,1.20302066791699,0.488009266068094,1.93339775494765,1
0.481175771238463,3.13633347585888,0.722589989230712,0.127790477818957,1.14751893822782,1
0.799010534171241,0.932447855311778,0.485164166481518,-0.521819044696446,1.48285627317043,1
1.36611298523584,0.88589213037473,2.06004135845842,1.54062226404799,0.27667178265125,1
0.766845625005843,0.649007352933355,1.63609492328131,-0.0653744684459827,0.733777381737142,1
1.55481995155939,1.4693990292418,2.01998778808562,1.95242171801457,2.52285524569513,1
1.39471163945751,-0.140973732706015,0.00966702874952763,0.490211131918725,0.667640219153205,0
0.790990501310193,1.67243841405934,2.09441242687476,2.65657687330032,1.26083343925579,1
0.742024913128016,-0.103479634188852,0.694954965857061,1.6535967187726,1.30570124773928,0
1.32356414318239,1.92242132522395,0.544725341010783,0.307143195899698,1.31934335599371,1
-0.807718268950254,0.993751106197726,1.93029791119911,1.36240716418177,1.27545782362295,1
-0.534955400391842,-0.363575691641534,0.0252530334459456,0.869565650266616,0.97375047876503,0
0.490665311851436,1.94952505261459,-0.0248354504896038,0.597117226685571,1.64756730123028,1
0.888812584827626,0.527883087978954,0.327644090254569,0.576028056320421,0.994052772958014,0
1.51762125706907,0.375568101800771,0.987037061199371,1.81261524305099,0.477498563414576,0
0.0971732106396925,0.0588040230798165,1.10894476529554,-0.726548367316274,0.959243150419871,0
1.5734033872942,2.24570643657322,1.05593809768501,2.18821403325829,3.00513911701133,1
0.469155214929881,0.623418855978107,-0.0924451834858178,1.00814055138243,1.02916429043078,0
1.47107054114059,3.07347544464973,0.372999598567334,2.41355939303024,0.663872737759087,1
1.1930100806036,1.16530435031524,1.17650434769682,1.39098439026354,2.54222330202658,0
0.55398302623076,0.773306960777715,0.340137135622923,0.00636381482996906,0.339817735035032,1
1.05791857685366,0.35390188155749,1.17293435923126,0.530937732222566,0.718550563321389,0
1.04076466466935,-0.474968042267684,0.50533536012208,0.262136539867444,0.0402536245005863,0
0.626726118329933,-0.0602399585923512,0.961986744847187,0.991973479183481,-0.314381687008219,0
2.56540353341578,1.15869573686258,2.82439230306551,2.3619434084622,2.28325410179804,1
1.41728514731424,0.766681882856288,1.65419522340092,0.105866280551649,1.46508720000264,0
1.44736754643998,1.23894586988264,1.46493315393302,2.58603317632735,2.35058322756508,1
-0.170486080161591,0.323242350588792,0.555024144422535,2.3288450558002,1.00000557338854,1
1.85029260406456,0.848221252023514,1.62405013556747,2.71166176147,1.65088276897933,1
1.82823106708695,0.842615142690832,2.14205692761976,1.22029602430827,0.368352990209016,1
0.778139369973464,-0.0441700118163451,0.884207399703129,0.45446233392616,1.4528542762804,0
2.74257544575784,1.97070858189424,1.99518603645858,1.58925028214713,2.04477472094906,1
1.2026054095702,1.1296633467193,1.99504376976777,2.46641574344532,0.938318149933874,1
0.319581035106395,0.00169827786493992,0.10479423464992,-0.772999886957142,0.824353380807945,0
1.13653457793974,-0.405355235720683,0.627915454505376,0.574324030931664,0.23914503239216,0
-0.549131675982759,0.384242690292949,0.64174922977221,0.327717819221043,-0.0905775067261705,0
1.55692885295116,1.61069750342475,1.66518880381803,1.6985443343734,1.05262075105089,1
0.856581783662367,1.63120637870313,1.64962910994517,0.199129647437362,0.894944273092649,1
0.647605016833909,0.887632160036817,1.32211289773246,-0.101986243322104,1.34528922502202,0
2.34517537496275,1.64310229210911,0.836637096240087,-0.0824967931358507,2.33446290483933,0
1.20257111728906,1.1155561331333,1.20749898971754,1.46033117009618,1.84476797525811,0
0.65190500002037,1.4893713154684,0.94279754203586,1.16153295340737,2.10155316872053,1
0.467617637794576,0.5941744034798,1.2188741210402,-0.924903860730141,-0.480234302385495,1
1.39238662018857,0.661504049560131,1.16968699652485,0.414877968829785,0.165781123209046,0
1.63026766278464,2.9776993156518,2.00867999492525,2.00428262106236,1.98251048679589,1
1.98546185128515,2.56060415130021,0.951143167893549,0.130217592101544,0.934769939221524,1
0.912917658088361,0.285801693461881,-0.709267474852382,1.27725508303349,-0.00425289814061935,0
0.398788240261508,0.801762774188378,0.00294388904603837,0.759227626904458,1.50030551005747,0
1.16281292010778,-0.222240162780645,0.903323974888388,0.14123705095667,0.894372100398738,0
1.57468334495586,1.16009456264988,1.45354418931508,1.08897084073849,-0.120469153613737,1
1.20245227096376,0.848781996005141,0.380502394159229,0.891449453294678,-0.0839199524303036,0
1.21630724735233,2.0799897563781,0.487722368615271,2.39002011869961,-0.0397654773835803,1
-0.117493628186341,0.13989614422748,0.236365541040199,-0.453278024399159,-0.330935720823668,1
0.279747471170042,0.982084692072539,0.80522232563364,0.948416778551682,0.96138771970367,1
0.914358423864094,0.33464716875556,0.817897896545434,2.12398845391324,1.86019699402682,0
0.679738432193825,0.485719208646398,1.1616559082384,1.75199754953386,1.9472104372155,0
1.1177464986828,0.385721706503313,0.0607222508294843,0.201607349341686,0.770912248712132,0
0.670143564074148,1.78859145528468,1.47569165367658,0.313040346625084,1.68511107821296,1
1.17593377736618,1.64284455829541,1.22848093756783,0.0649510925368179,1.75258145512497,1
